Source code,Target code,Goldstein_sum,Goldstein_mean,Goldstein_std,Goldstein_count
AFG,AFG,1255.5,0.9012921751615219,4.962921257640868,1393
AFG,GBR,692.8,2.192405063291139,3.3938982466212395,316
AFG,IGOUNO,937.1999999999999,2.1495412844036696,3.7694384801669005,436
AFG,IRN,1530.1,1.4220260223048327,5.05711637506495,1076
AFG,PAK,1915.3,1.104555940023068,4.4092918470066715,1734
AFG,RUS,-318.5,-0.38235294117647056,4.860225465181446,833
AFG,TJK,-678.1,-1.3838775510204082,6.052051424694217,490
AFG,USA,171.79999999999998,0.34497991967871483,4.404052562520006,498
AFG,UZB,337.0,1.2389705882352942,4.899283369451813,272
AFR,AGO,615.3,2.0509999999999997,4.406634440284443,300
AFR,CHN,1390.6,2.9399577167019024,2.586116288150139,473
AFR,EGY,658.4,2.4939393939393937,2.929442973193892,264
AFR,ERI,328.09999999999997,1.5476415094339622,4.912682504239727,212
AFR,ETH,487.9,1.9753036437246962,4.980261589199567,247
AFR,EUR,399.9,1.8428571428571427,3.544721838177561,217
AFR,GBR,795.6,1.8632318501170961,3.422197883950819,427
AFR,IGOUNO,687.2,1.9634285714285715,3.5565879328521737,350
AFR,KEN,303.5,1.0501730103806228,4.673284924317409,289
AFR,LBY,696.6999999999999,2.2187898089171973,2.418907907231232,314
AFR,MOZ,1398.0,2.9871794871794872,3.760103612895102,468
AFR,NAM,490.2,2.1594713656387663,3.8416252647885116,227
AFR,NGA,1543.3,2.3890092879256963,3.23477039093722,646
AFR,SLE,411.0,1.5868725868725868,4.287061554319541,259
AFR,TZA,390.5,1.6617021276595745,4.145296644375073,235
AFR,UGA,426.4,1.8458874458874457,4.567738282056387,231
AFR,USA,1587.2,1.4033598585322724,4.185978198715535,1131
AFR,ZAF,2917.2,1.1070967741935482,4.120620465214641,2635
AFR,ZMB,438.1,1.8254166666666667,3.8362916621231857,240
AFR,ZWE,1213.4,1.6071523178807947,3.7200477339075895,755
AGO,AFR,354.2,1.2088737201365187,4.623931542013969,293
AGO,AGO,938.1999999999999,0.49587737843551793,4.861436321844003,1892
AGO,COD,765.3,1.7006666666666665,4.828601175244942,450
AGO,IGOUNO,402.9,1.428723404255319,4.371916743917845,282
AGO,NAM,186.0,0.23574144486692014,6.36315258151995,789
AGO,PRT,293.0,0.7216748768472906,4.865156858923996,406
AGO,UGA,426.7,1.9573394495412844,4.630470737225139,218
AGO,ZMB,-627.1,-0.6735767991407089,5.2974562762898865,931
AGO,ZWE,731.2,2.878740157480315,4.98223928449309,254
ALB,ALB,-1424.0,-0.4992987377279102,5.2755040552202335,2852
ALB,BGR,737.7,2.794318181818182,3.4883845702247664,264
ALB,FRA,-961.1,-2.826764705882353,6.217798802661041,340
ALB,GRC,371.9,0.8875894988066825,4.418154008795948,419
ALB,IGOUNO,-198.20000000000002,-0.705338078291815,5.074756149272649,281
ALB,IGOWSTNAT,-252.0,-0.5740318906605922,5.915667604291174,439
ALB,ITA,720.3,1.7483009708737862,4.232463120325315,412
ALB,MKD,1019.0,1.3407894736842105,4.441114580502127,760
ALB,RUS,-283.9,-1.2674107142857143,5.901034376992709,224
ALB,TUR,682.1,2.8420833333333335,3.1198547321168424,240
ALB,USA,653.6,1.0424242424242425,4.056193055178836,627
ARE,ARE,438.2,1.888793103448276,3.8488379435162074,232
ARE,SAU,735.4,3.10295358649789,2.399141736094505,237
ARG,ARG,783.6,1.092887029288703,3.8527784583273976,717
ARG,BRA,1244.1,2.4251461988304093,3.8374403532709525,513
ARG,CHL,699.9,2.2798045602605863,3.9789867943222545,307
ARG,GBR,534.6,1.406842105263158,4.034979707692994,380
ARG,USA,493.8,1.4609467455621301,3.837007247882253,338
ARM,ARM,2302.7,1.1820841889117042,3.9258918711774506,1948
ARM,AZE,2127.0,1.9301270417422867,4.345275215210847,1102
ARM,BLR,874.8,3.67563025210084,2.87642729602052,238
ARM,IRN,811.6,2.528348909657321,3.0692181541691728,321
ARM,RUS,3850.6,2.8865067466266865,3.5835706126241442,1334
ARM,TUR,243.4,0.4868,5.016580300945222,500
ARM,USA,859.4,2.055980861244019,3.6213098468409295,418
AUS,AUS,2305.1,1.0832236842105263,3.907115679322302,2128
AUS,CHN,597.4,1.6322404371584698,3.883262137649585,366
AUS,FJI,-214.20000000000002,-0.30211565585331457,4.60107559681666,709
AUS,GBR,637.6999999999999,1.339705882352941,3.775003536791238,476
AUS,IDN,1761.8999999999999,1.4382857142857142,4.023200121257492,1225
AUS,JPN,388.0,1.6796536796536796,3.754553393399617,231
AUS,LVA,455.7,1.867622950819672,4.5173712362451965,244
AUS,NZL,1196.2,2.1171681415929204,4.158879987027875,565
AUS,PRK,1800.5,3.3342592592592593,2.7915643547588362,540
AUS,SLB,546.3,1.2645833333333332,4.1417875370810835,432
AUS,USA,840.8,1.3920529801324502,4.205284098854756,604
AUT,AUT,2676.7999999999997,0.9525978647686831,4.173582604130659,2810
AUT,BEL,230.79999999999998,0.7877133105802048,3.57588755527053,293
AUT,CZE,1547.1,1.1202751629254164,4.401038439336826,1381
AUT,DEU,180.89999999999998,0.3097602739726027,4.347143611081417,584
AUT,EUR,170.6,0.5123123123123123,4.092867554396292,333
AUT,FRA,85.49999999999999,0.21007371007371003,3.8895808459415027,407
AUT,HUN,828.2,2.2505434782608695,3.0374860048586427,368
AUT,IGOEUREEC,569.5,0.7083333333333334,4.187476758422023,804
AUT,IGOEURSCE,473.3,2.1513636363636364,2.888956765229572,220
AUT,ISR,220.79999999999998,1.036619718309859,3.7797464014693727,213
AUT,ITA,272.09999999999997,0.845031055900621,3.643676316831156,322
AUT,RUS,943.0,2.1778290993071594,2.996860687450221,433
AUT,SVK,535.3,1.9752767527675275,3.1480060439512925,271
AUT,USA,684.9,1.7471938775510203,3.7238489401514774,392
AZE,ARM,2098.0,1.8164502164502165,4.3206576708576785,1155
AZE,AZE,2080.3,1.2646200607902736,3.8378922077436104,1645
AZE,IRN,1292.5,1.6464968152866242,3.7219894124692536,785
AZE,RUS,2895.0,2.006237006237006,3.5072150585149453,1443
AZE,TUR,1797.3,2.3281088082901555,3.2293964370171517,772
AZE,USA,1735.5,2.54099560761347,3.3869839096723666,683
BDI,BDI,456.5,0.7483606557377049,5.159792030128755,610
BDI,TZA,1126.6,1.6690370370370369,4.801088352453269,675
BDI,ZAF,897.4,3.193594306049822,2.7748027405764026,281
BEL,AUT,-286.6,-0.5479923518164437,4.232234763777505,523
BEL,BEL,835.8,0.8146198830409356,3.948470614913266,1026
BEL,DEU,443.4,2.091509433962264,3.9187268927071486,212
BEL,EUR,341.3,1.4340336134453782,4.003782140055288,238
BEL,FRA,533.9,1.210657596371882,4.032690256261673,441
BEL,GBR,469.8,1.226631853785901,4.016382797056393,383
BEL,IGOEUREEC,1392.7,2.2645528455284554,3.569976882020906,615
BEL,IGOWSTNAT,470.2,1.6792857142857143,3.8129283270257437,280
BEL,RUS,904.1,2.4501355013550135,2.963887032308272,369
BEL,TUR,281.4,1.0307692307692307,4.06276199990515,273
BEL,USA,428.9,1.931981981981982,3.774541372115244,222
BGD,BGD,465.7,0.5472385428907168,4.607109724376242,851
BGD,PAK,434.5,1.0369928400954653,3.6943823288629254,419
BGD,USA,1816.5,2.6713235294117648,2.4947753384685405,680
BGR,ALB,703.8,2.5135714285714283,3.67311672593383,280
BGR,BGR,3418.7,1.7927110644992132,3.4106761494351185,1907
BGR,DEU,440.8,1.9000000000000001,4.048440456505459,232
BGR,GRC,768.4,2.705633802816901,3.5027152445648557,284
BGR,HRV,624.8,2.7047619047619045,3.4485187506375783,231
BGR,IGOEUREEC,1118.3,3.409451219512195,3.163273911407575,328
BGR,LBY,347.6,0.8625310173697271,3.8718027150905807,403
BGR,MKD,1579.1,2.3745864661654132,3.6739231910004286,665
BGR,ROU,1886.7,3.6213051823416507,3.2595284912899265,521
BGR,RUS,944.1,2.1168161434977577,3.2760567825551075,446
BGR,TUR,896.9,1.8763598326359832,3.7058011257293035,478
BHR,QAT,727.9,1.81975,2.855796539002814,400
BLR,ARM,797.5,3.7266355140186915,2.685623503698063,214
BLR,BLR,1827.5,1.1197916666666667,3.8693984634745973,1632
BLR,KAZ,893.2,4.173831775700934,2.6399365637775474,214
BLR,POL,226.0,0.8188405797101449,4.563755243610647,276
BLR,RUS,5691.6,2.7954813359528488,3.6746517612867233,2036
BLR,UKR,989.6,2.6673854447439354,3.634599261854607,371
BLR,USA,365.9,1.51198347107438,3.77938020338221,242
BLZ,GTM,467.6,1.4042042042042042,4.930191629170586,333
BOL,BOL,107.8,0.45485232067510545,4.884768318427044,237
BRA,ARG,1368.8,2.3005042016806723,3.657442448930427,595
BRA,BRA,1505.0,1.657488986784141,3.838107403368275,908
BRA,COL,26.199999999999996,0.1003831417624521,4.613712822281415,261
BRA,PRY,100.4,0.40483870967741936,4.808205786866848,248
BRA,USA,1403.8,2.249679487179487,3.6191261007849285,624
CAN,AUS,421.7,1.809871244635193,4.573455691936811,233
CAN,CAN,2396.0,1.39871570344425,3.700429153451311,1713
CAN,CHN,361.59999999999997,0.8331797235023041,4.285606775221928,434
CAN,CUB,436.4,1.659315589353612,2.521627576916235,263
CAN,DEU,723.0,1.9917355371900827,3.942513433453353,363
CAN,FRA,831.5,2.121173469387755,3.128768524729877,392
CAN,GBR,825.3,1.7265690376569036,3.9161153293795605,478
CAN,ISR,294.3,0.9976271186440678,4.055896999768543,295
CAN,ITA,629.2,2.5681632653061226,2.754825627064312,245
CAN,JPN,935.6,2.243645083932854,3.4015076053297877,417
CAN,RUS,1717.6,2.9613793103448276,2.6593709232341443,580
CAN,USA,2460.3,1.7700000000000002,3.8688971310696703,1390
CHE,CHE,1281.3,1.2133522727272728,3.9292368364027874,1056
CHE,CHN,721.4,2.8855999999999997,3.114758340236413,250
CHE,DEU,342.09999999999997,1.5764976958525343,4.624707267136766,217
CHE,ISR,615.6,1.4622327790973872,3.5551938870132376,421
CHE,RUS,620.4,1.0104234527687297,4.201796650191828,614
CHE,SYR,810.9,2.7488135593220338,2.70030049017336,295
CHE,USA,1346.4,1.9372661870503598,3.544916562866873,695
CHL,ARG,607.6,2.2094545454545456,4.15563789853366,275
CHL,CHL,650.8,0.8269377382465056,3.835502581256582,787
CHL,ESP,-53.2,-0.24976525821596246,4.586707871183837,213
CHL,GBR,1019.6,2.043286573146293,2.9147681750177776,499
CHL,USA,927.7,2.214081145584726,4.034873968980041,419
CHN,AFR,1709.0,2.9567474048442905,2.515132256729404,578
CHN,AUS,734.9,2.0701408450704224,3.6793604720020965,355
CHN,CAN,810.3,1.9860294117647057,3.481326234776221,408
CHN,CHE,702.7,2.68206106870229,3.2173295648446367,262
CHN,CHN,20766.399999999998,1.6647747314413979,3.5562748315087234,12474
CHN,CUB,1065.4,2.4776744186046513,2.7343646106215593,430
CHN,DEU,952.1999999999999,1.728130671506352,4.00670664456748,551
CHN,DNK,474.2,1.992436974789916,2.9554115326354626,238
CHN,EUR,611.1,2.1825,2.9788767999444543,280
CHN,FRA,952.1999999999999,1.8034090909090907,3.9071903413624938,528
CHN,GBR,2187.0,2.0908221797323137,3.248872000483666,1046
CHN,GRC,616.4,2.8146118721461186,2.689576585831136,219
CHN,IDN,885.1999999999999,2.4185792349726776,3.200031532893517,366
CHN,IGOBUSWTO,769.4,2.9366412213740456,3.104580872172201,262
CHN,IGOEUREEC,1636.3,3.823130841121495,3.6483549931637165,428
CHN,IGOSEAASN,751.0,2.9683794466403164,3.341529824756112,253
CHN,IGOUNO,782.9,1.7475446428571428,3.7642844417208337,448
CHN,IND,221.29999999999998,0.9621739130434782,4.383584360697467,230
CHN,IRN,1680.5,2.8974137931034485,2.911547529533935,580
CHN,IRQ,858.9,1.6267045454545455,3.521054446254662,528
CHN,ISR,2081.7,2.6350632911392404,3.028775963370903,790
CHN,ITA,674.5,2.2483333333333335,2.816986913908666,300
CHN,JPN,7939.2,1.914444176513142,3.3111137678220035,4147
CHN,KAZ,775.1,2.748581560283688,3.3383378738869682,282
CHN,KGZ,499.4,2.1903508771929823,4.09904833262198,228
CHN,KHM,1410.1,2.792277227722772,2.3256249719793356,505
CHN,KOR,5113.9,2.853738839285714,2.886437504663619,1792
CHN,LAO,851.7,3.226136363636364,2.3855312112905755,264
CHN,MAC,545.0,2.4008810572687223,2.3210272212742837,227
CHN,MMR,785.0,3.4734513274336285,3.226198800766143,226
CHN,MNG,556.3,2.5635944700460827,2.60204904684587,217
CHN,MYS,501.5,1.5105421686746987,3.6814687000920183,332
CHN,PAK,2195.9,2.4104281009879256,3.483706333278992,911
CHN,PHL,423.09999999999997,0.7791896869244935,4.125725887929161,543
CHN,PRK,4471.9,2.425108459869848,3.2176118945608634,1844
CHN,PSE,659.6,2.71440329218107,2.6909241311598766,243
CHN,RUS,9209.6,2.6968081991215227,3.117318219100519,3415
CHN,SGP,874.1,2.5409883720930235,2.460150072429147,344
CHN,THA,1586.8,2.649081803005008,2.7553162341468678,599
CHN,TJK,1176.8,2.927363184079602,2.792490377095754,402
CHN,TUR,1052.3,2.989488636363636,2.607730731272319,352
CHN,TWN,3597.3999999999996,0.513034797490017,4.279235549116824,7012
CHN,USA,6905.9,1.330873000578146,3.97744687992133,5189
CHN,VNM,3071.7999999999997,2.8521819870009284,3.497907947825336,1077
CIV,CIV,-91.10000000000001,-0.08404059040590407,4.523593010339163,1084
CIV,FRA,179.7,0.6112244897959184,3.9845661970638493,294
COD,AGO,797.2,2.530793650793651,3.9656451839266103,315
COD,COD,-279.8,-0.3880721220527046,5.098839385946576,721
COD,COG,23.0,0.0798611111111111,5.576013585598142,288
COD,IGOUNO,505.0,2.2052401746724892,4.335711414838962,229
COD,RWA,-527.7,-0.8376190476190477,5.770543370657686,630
COD,UGA,-304.6,-0.4629179331306991,5.615649366237009,658
COD,ZMB,841.5,1.8214285714285714,4.391808055703333,462
COD,ZWE,751.6,2.7035971223021584,4.049930428104002,278
COG,COD,304.1,1.1832684824902724,5.170808256480976,257
COG,UGA,-80.10000000000001,-0.37783018867924534,5.288145466361257,212
COL,COL,-50.2,-0.014116985376827897,5.308512160473958,3556
COL,ECU,371.5,1.259322033898305,4.217356373001195,295
COL,ESP,232.89999999999998,0.5152654867256636,4.626623204853956,452
COL,PER,223.1,0.8749019607843137,3.924112504381519,255
COL,USA,1565.5,0.9346268656716418,4.244792413005001,1675
COL,VEN,971.6,1.2920212765957446,4.143278150422732,752
CUB,CAN,444.0,1.4006309148264984,2.8693270248213882,317
CUB,CHN,1104.7,2.9071052631578946,2.4392842584200642,380
CUB,CUB,4140.099999999999,1.295400500625782,3.7329150665829713,3196
CUB,ESP,556.6,1.7126153846153847,3.1901750585326143,325
CUB,IRN,900.1999999999999,3.082876712328767,1.9987748683727835,292
CUB,MEX,335.0,1.2934362934362935,3.6366879693520073,259
CUB,RUS,2341.6,2.887299630086313,2.6769337503827266,811
CUB,USA,5758.8,0.9300387596899226,3.9304622890490695,6192
CUB,VEN,825.8,2.928368794326241,3.0936239385987325,282
CYP,CYP,1336.2,2.0556923076923077,3.738296361909135,650
CYP,GBR,-45.50000000000001,-0.19361702127659577,4.460807688896247,235
CYP,GRC,2466.2,2.109666381522669,3.90577601451872,1169
CYP,IGOEUREEC,627.0,2.971563981042654,3.195554489395613,211
CYP,IGOUNO,310.4,1.298744769874477,4.184710878957617,239
CYP,TUR,2874.0,1.5887230514096187,3.8609995403209827,1809
CZE,AUT,1886.4,1.3850220264317181,4.263714480095159,1362
CZE,CZE,3607.9,1.2518736988202637,3.6857896144886295,2882
CZE,DEU,821.8,1.3319286871961102,4.178944012527724,617
CZE,GBR,596.1,2.393975903614458,2.8941131600695913,249
CZE,HRV,803.9,3.202788844621514,2.3038125338740265,251
CZE,HUN,670.9,2.783817427385892,3.3170687913470167,241
CZE,IGOEUREEC,961.1,2.1744343891402718,3.367747892855864,442
CZE,IGOWSTNAT,626.8,2.9018518518518515,3.621768332875504,216
CZE,POL,901.0,2.4417344173441733,3.264831246876096,369
CZE,RUS,639.7,1.1716117216117217,3.662643047695862,546
CZE,SVK,1363.8,1.990948905109489,3.827284297307262,685
CZE,USA,588.1999999999999,1.0392226148409893,3.583706801462765,566
DEU,AUT,365.8,0.5843450479233226,4.196159497725443,626
DEU,CAN,732.8,1.9752021563342317,3.8928943792776542,371
DEU,CHE,600.6,2.7054054054054055,4.050224011185693,222
DEU,CHN,1244.8,2.4796812749003982,3.0853438713373853,502
DEU,CZE,615.2,1.2134122287968443,4.1296835423275615,507
DEU,DEU,9572.6,1.524299363057325,3.9014919071198233,6280
DEU,EGY,1018.1999999999999,2.951304347826087,2.795408357781435,345
DEU,ESP,664.8,2.1514563106796114,3.9443086750685983,309
DEU,EUR,1054.1,1.657389937106918,3.6489056211365023,636
DEU,FRA,3282.4,1.899537037037037,3.9732530497215968,1728
DEU,GBR,2152.0,1.945750452079566,4.045146248202122,1106
DEU,GRC,126.9,0.6014218009478673,5.076908308100098,211
DEU,HUN,504.2,2.250892857142857,3.118094034822169,224
DEU,IGOEUREEC,841.2,1.6559055118110237,3.4832686262209696,508
DEU,IRN,2061.5,1.2055555555555555,3.962697423871172,1710
DEU,ISR,484.2,0.8868131868131868,4.450647835524901,546
DEU,ITA,1775.3,2.637890044576523,3.405781980486435,673
DEU,JPN,1342.2,2.8436440677966104,2.406237882624638,472
DEU,KOR,817.0,3.404166666666667,2.0621066464851863,240
DEU,LBY,950.1,2.7301724137931034,2.8704864028955073,348
DEU,NLD,398.3,1.8439814814814814,4.265629087946412,216
DEU,PHL,840.5,1.6448140900195696,4.208973550370999,511
DEU,POL,946.7,1.7212727272727273,3.708617717121877,550
DEU,PRK,1334.6,3.192822966507177,3.0363657078799413,418
DEU,PSE,660.8,2.270790378006873,3.7390491683706584,291
DEU,RUS,4333.2,2.0903039073806076,3.778036449707404,2073
DEU,TUR,639.3,1.0946917808219176,4.229743076294223,584
DEU,UKR,285.8,1.293212669683258,4.274278152243703,221
DEU,USA,3289.3,1.7866920152091257,3.7236030320671833,1841
DJI,SOM,1767.8,2.1196642685851317,3.3169754201032697,834
DNK,CHN,539.1,2.3853982300884957,2.815892843730854,226
DNK,DNK,827.6,1.2850931677018633,3.4644914829559386,644
DZA,AFR,406.3,1.7437768240343348,3.9787330531965184,233
DZA,DZA,1523.1,1.5557711950970377,4.347243078690514,979
DZA,ERI,1245.2,3.2596858638743456,4.285457053603188,382
DZA,ETH,980.3,2.4264851485148515,4.310258583237144,404
DZA,FRA,778.3,1.5320866141732283,3.9953836745032536,508
DZA,MAR,487.59999999999997,1.4174418604651162,4.113298970688359,344
DZA,USA,210.7,0.8328063241106719,4.830441543584973,253
ECU,COL,360.4,1.0662721893491123,3.9678962064947063,338
ECU,ECU,49.3,0.17237762237762236,4.194713374235326,286
EGY,AFR,876.5,2.921666666666667,2.7313791380071515,300
EGY,DEU,931.5,3.054098360655738,2.893798596868954,305
EGY,EGY,11434.8,2.1583238958097395,3.50116240348943,5298
EGY,FRA,1016.9,2.535910224438903,3.8021319324715974,401
EGY,GBR,837.5,2.1474358974358974,3.851201674013784,390
EGY,IGOMEAARL,889.8,2.5791304347826087,2.833248268910818,345
EGY,IRN,1463.6,2.1058992805755397,3.3468824611660843,695
EGY,IRQ,2078.0,2.565432098765432,3.533651066885869,810
EGY,ISR,9315.9,1.4707767603410167,4.273668746735018,6334
EGY,JOR,3414.9,3.1825722273998136,3.0304616570889267,1073
EGY,LBN,3317.4,2.8647668393782384,4.106312202253249,1158
EGY,LBY,1687.0,2.6992,2.818792703923491,625
EGY,PSE,7120.8,2.243478260869565,4.126557618800389,3174
EGY,RUS,1079.4,2.470022883295195,2.938590632893945,437
EGY,SAU,1755.6,2.86394779771615,3.337427203271968,613
EGY,SDN,2704.2,2.501572617946346,3.4726373964964767,1081
EGY,SYR,5766.8,2.943746809596733,3.0796077860073603,1959
EGY,TUN,747.2,3.074897119341564,2.1274250843147997,243
EGY,TUR,869.1,2.98659793814433,3.3486784485199443,291
EGY,UGA,551.3,1.8751700680272108,3.4321948626314507,294
EGY,USA,4927.0,1.9676517571884984,3.703628987320685,2504
ERI,AFR,592.8,2.67027027027027,4.439937926976204,222
ERI,DZA,1275.5,3.675792507204611,3.7508444741099365,347
ERI,ERI,822.9,1.1319119669876203,4.841259717329956,727
ERI,ETH,885.8,0.23079729025534132,6.227988390759652,3838
ERI,IGOUNO,552.2,2.4113537117903934,3.731968626086454,229
ERI,SDN,2386.5,2.082460732984293,3.866184996684425,1146
ESP,CHL,78.8,0.2454828660436137,4.154356128720402,321
ESP,COL,540.4,1.174782608695652,4.401491992599433,460
ESP,CUB,558.7,1.8811447811447812,3.6040491543082913,297
ESP,DEU,507.8,1.5721362229102167,4.812983613195541,323
ESP,ESP,-605.6,-0.25924657534246576,5.063680994463685,2336
ESP,FRA,-427.8,-0.5651254953764862,5.352527380212375,757
ESP,GBR,773.8,0.9179122182680901,4.211535386925483,843
ESP,ITA,768.3,2.4625,3.8752206658464248,312
ESP,MAR,643.6,1.7117021276595745,3.8928818838621497,376
ESP,MEX,-268.2,-1.1316455696202532,5.003808997555396,237
ESP,PER,23.299999999999994,0.08825757575757573,3.889419008332202,264
ESP,RUS,846.4,1.1270306258322236,4.475286401009527,751
ESP,USA,696.1999999999999,1.1247172859450727,3.9885052933347875,619
EST,EST,1400.3,1.8871967654986523,3.440037419623598,742
EST,FIN,827.1,3.1448669201520913,3.2858071906969677,263
EST,LTU,790.4,3.728301886792453,3.167272054721858,212
EST,LVA,1177.6,3.271111111111111,3.361878518663257,360
EST,RUS,1225.0,1.8962848297213621,4.279330361943706,646
ETH,AFR,643.3,2.0886363636363634,4.68654259791384,308
ETH,DZA,1165.3,2.781145584725537,4.090133141490388,419
ETH,ERI,-814.9,-0.18592288386949576,6.480312519615023,4383
ETH,ETH,958.3,0.7678685897435897,4.7482324006510455,1248
ETH,IGOUNO,523.4,2.1190283400809715,3.7984488526483338,247
ETH,KEN,385.59999999999997,0.9786802030456851,4.771885676563547,394
ETH,SDN,1088.9,2.8356770833333336,3.7355679551671765,384
ETH,SOM,732.7,1.5997816593886465,4.712590793526849,458
ETH,USA,418.0,1.6923076923076923,3.9739678235567233,247
EUR,AUT,18.099999999999994,0.0693486590038314,4.227935843552989,261
EUR,DEU,729.6,1.6849884526558891,3.592962651252065,433
EUR,FRA,750.1999999999999,1.5860465116279068,3.9699741457811877,473
EUR,GBR,413.09999999999997,1.2258160237388722,4.408300274628543,337
EUR,IGOEUREEC,649.3,1.855142857142857,3.6725676092977344,350
EUR,ISR,317.9,1.431981981981982,3.6389689056800774,222
EUR,ITA,371.59999999999997,1.522950819672131,3.568432397474992,244
EUR,RUS,1160.8,1.997934595524957,3.736538486979682,581
EUR,TUR,90.5,0.2776073619631902,4.7664295728619885,326
EUR,USA,1479.6,1.789117291414752,3.9434412485669412,827
FIN,DEU,408.09999999999997,1.872018348623853,3.694272133822861,218
FIN,EST,739.0,2.967871485943775,3.3703540135964842,249
FIN,FIN,984.6,2.311267605633803,3.1706766453543,426
FIN,RUS,834.5,2.575617283950617,3.861486173634968,324
FJI,AUS,404.29999999999995,0.914705882352941,3.887591286783101,442
FJI,FJI,907.8,0.5883344134802333,4.5881628854816405,1543
FJI,NZL,203.2,0.8128,3.762261901898098,250
FRA,ALB,-1218.2,-2.9567961165048544,6.038810200660026,412
FRA,AUT,-624.1,-0.9110948905109489,4.318966683671782,685
FRA,BEL,426.2,0.9730593607305936,4.320771527335589,438
FRA,CAN,585.5,1.4974424552429668,3.9224526087428973,391
FRA,CHE,295.1,1.3,4.37508027739244,227
FRA,CHN,1208.8,2.0146666666666664,3.5831107565044436,600
FRA,CIV,108.79999999999998,0.2706467661691542,3.9720198545939773,402
FRA,DEU,3685.1,2.0831543244771056,3.7336095801647615,1769
FRA,DZA,769.5,1.366785079928952,4.4698055561685175,563
FRA,EGY,892.6,2.500280112044818,3.759209654260804,357
FRA,ESP,-926.9,-1.1929214929214929,5.085844397170518,777
FRA,EUR,899.9,1.1082512315270936,3.837499879185431,812
FRA,FRA,8205.5,1.166548194483935,3.867239802832915,7034
FRA,GBR,2142.1,1.1874168514412415,4.5260204361718674,1804
FRA,IGOEUREEC,1953.6,1.764769647696477,3.345011402151651,1107
FRA,IGOUNO,789.6,1.9258536585365855,3.429972146707181,410
FRA,IRN,656.2,1.7978082191780824,3.7147087526433653,365
FRA,IRQ,128.1,0.19891304347826086,4.329677908552174,644
FRA,ISR,2759.7,1.8167873601053324,3.793705514382121,1519
FRA,ITA,1338.8,1.6110709987966305,4.268392963415368,831
FRA,JPN,1384.9,2.3673504273504276,2.9362829432018898,585
FRA,KOR,582.4,2.275,3.6526112067192407,256
FRA,LBN,1463.7,2.0761702127659576,4.576390694550488,705
FRA,LBY,706.1,2.0407514450867055,3.564314030238825,346
FRA,MAR,290.59999999999997,1.2525862068965516,4.039136704447069,232
FRA,PHL,971.6,1.6274706867671693,4.02423227926498,597
FRA,POL,509.5,2.3054298642533935,3.6952509351149234,221
FRA,PRT,-293.5,-0.8787425149700598,5.10568165877678,334
FRA,PSE,1232.0,2.1426086956521737,3.7482693072371163,575
FRA,RUS,4749.4,2.215205223880597,3.763176217617822,2144
FRA,RWA,-141.8,-0.6474885844748859,4.62174066593161,219
FRA,SYR,1224.6,2.3325714285714283,2.753641942529093,525
FRA,TUN,204.6,0.9342465753424657,3.9767980473697566,219
FRA,TUR,322.09999999999997,1.0526143790849671,3.761270673195225,306
FRA,USA,3288.1,1.5930717054263566,3.8684231272839185,2064
FRA,VNM,659.2,2.6906122448979595,3.3134403448231735,245
GBR,AFG,422.4,1.7032258064516128,4.0298267608030445,248
GBR,AFR,879.4,1.8911827956989247,3.4333725532424446,465
GBR,ARG,575.5,1.9183333333333332,3.544239835129477,300
GBR,AUS,874.9,1.7324752475247525,3.9093872083896,505
GBR,BEL,488.9,1.4815151515151515,3.748100731772615,330
GBR,CAN,733.5,1.3583333333333334,4.047476251619171,540
GBR,CHL,543.6999999999999,0.9061666666666666,4.098626990945511,600
GBR,CHN,1927.3,1.7649267399267399,3.791048685010071,1092
GBR,CZE,546.5,2.2036290322580645,3.542470337003041,248
GBR,DEU,2082.7,2.0641228939544103,4.005450310668116,1009
GBR,EGY,891.6,2.179951100244499,4.144301426215093,409
GBR,ESP,213.89999999999998,0.2770725388601036,4.832011203928125,772
GBR,EUR,515.8,1.0054580896686158,4.3254571464843,513
GBR,FRA,3108.9,1.7970520231213873,4.179937414285542,1730
GBR,GBR,10252.2,1.2068510888758093,3.897368616952385,8495
GBR,GRC,519.9,1.336503856041131,5.125226081320711,389
GBR,IGOEUREEC,508.4,1.3777777777777778,4.070352036431625,369
GBR,IGOUNO,779.0,1.7008733624454149,4.363434610350829,458
GBR,IRL,4074.2,1.6388576025744166,4.2621570169173415,2486
GBR,IRN,2014.1,2.024221105527638,3.4573873714081595,995
GBR,IRQ,-3831.8,-3.3819947043248018,5.954784925486889,1133
GBR,ISR,727.9,1.4052123552123552,3.870824243274664,518
GBR,ITA,1722.7,2.996,3.4029554689041928,575
GBR,JOR,698.3,2.4246527777777778,3.4664418920864315,288
GBR,JPN,2003.9,2.4319174757281554,3.1607269897529187,824
GBR,KEN,458.3,1.5695205479452055,4.343561310174685,292
GBR,LBY,66.1,0.14432314410480349,4.954945861514068,458
GBR,MMR,166.8,0.5852631578947369,4.587205916145884,285
GBR,NGA,888.6999999999999,1.526975945017182,4.342660827149793,582
GBR,NLD,265.5,0.7334254143646409,4.803630192497912,362
GBR,NOR,872.2,3.4474308300395258,3.407141676672509,253
GBR,PAK,605.8,1.947909967845659,3.5585137081684683,311
GBR,PRK,1205.7,4.101020408163265,2.630310129703658,294
GBR,PSE,375.59999999999997,1.4671874999999999,3.9471133035894153,256
GBR,RUS,7177.1,2.6251280175566936,3.3298802296252945,2734
GBR,SAU,308.7,1.0324414715719064,4.981669526126364,299
GBR,SLE,1835.6,1.4218435321456235,5.200325273994289,1291
GBR,TUR,293.9,0.982943143812709,4.109059809359163,299
GBR,UGA,459.7,2.1582159624413144,3.228833922689434,213
GBR,UKR,590.9,2.5469827586206897,2.5302309734334973,232
GBR,USA,4618.1,1.7097741577193633,4.12038122841745,2701
GBR,ZWE,1118.5,1.0280330882352942,4.036807991321085,1088
GEO,RUS,421.3,1.6329457364341087,3.9384713112345455,258
GHA,GHA,159.4,0.5158576051779935,4.416083465522712,309
GIN,GIN,-696.4,-2.6378787878787877,5.179126433717413,264
GIN,LBR,-749.2,-1.2806837606837607,4.762958482316793,585
GIN,SLE,-313.4,-0.7497607655502392,5.626501393249726,418
GMB,GMB,-2.800000000000008,-0.012068965517241414,3.9918890747155733,232
GNB,SEN,322.4,1.472146118721461,5.143678801361812,219
GRC,ALB,421.3,0.9596810933940775,4.356425044399684,439
GRC,BGR,726.8,2.3597402597402595,3.6579576274167627,308
GRC,CHN,704.3,3.1868778280542984,2.3743821643279968,221
GRC,CYP,2088.1,1.6364420062695924,4.218208470820372,1276
GRC,DEU,151.2,0.5976284584980237,4.772847548220243,253
GRC,GBR,-124.30000000000001,-0.3039119804400978,5.894986599801687,409
GRC,GRC,2722.2,1.4082772891877908,3.7812950586520526,1933
GRC,IGOWSTNAT,677.4,2.490441176470588,5.517692157226106,272
GRC,ISR,488.7,2.2730232558139534,3.32852549016963,215
GRC,ITA,332.8,1.4222222222222223,4.893318754290592,234
GRC,MKD,819.9,2.6881967213114755,3.061710428934636,305
GRC,RUS,902.1999999999999,2.4318059299191375,3.3352923167108885,371
GRC,TUR,7533.9,2.2009640666082384,3.861982832985358,3423
GRC,USA,493.5,0.7883386581469649,4.257226303067193,626
GTM,BLZ,418.8,0.9971428571428572,4.5309638954669715,420
GTM,GTM,110.1,0.33773006134969324,4.665917642533879,326
HND,NIC,482.0,1.5700325732899023,4.492617146214989,307
HRV,ALB,368.4,1.7377358490566037,4.495494381137792,212
HRV,CZE,752.6,3.4054298642533936,2.213300172883446,221
HRV,HRV,6626.1,1.5817856290284078,3.74824824552738,4189
HRV,HUN,1127.7,3.1766197183098592,2.8513927331777937,355
HRV,IGOEUREEC,893.6,3.5181102362204726,3.0807554466700684,254
HRV,ITA,882.8,2.212531328320802,3.763918005503941,399
HRV,NLD,236.4,0.7625806451612903,3.9964652405646737,310
HRV,USA,1063.9,2.390786516853933,3.5220132144415173,445
HTI,HTI,-124.9,-0.12744897959183674,4.513067127270459,980
HTI,USA,530.9,1.0617999999999999,4.0266547725518524,500
HUN,AUT,590.1,1.3441913439635536,3.8794043133344087,439
HUN,CZE,681.6,2.7483870967741937,3.4872813180541993,248
HUN,DEU,485.9,2.2919811320754717,3.097450693045952,212
HUN,FRA,576.6,2.5400881057268725,3.6944260803268874,227
HUN,HRV,995.8,3.2864686468646864,2.7200594811451024,303
HUN,HUN,2856.0,1.4438827098078868,3.5876362031207525,1978
HUN,IGOEUREEC,773.8,2.229971181556196,3.8950866855802384,347
HUN,POL,1097.8,3.1365714285714286,2.8431851290875216,350
HUN,ROU,1486.0,1.501010101010101,3.752941413300682,990
HUN,RUS,249.89999999999998,0.6611111111111111,4.281859314195244,378
HUN,SVK,1629.5,2.7759795570698467,3.1593005100642064,587
HUN,UKR,753.3,3.0374999999999996,2.698388520448353,248
HUN,USA,442.8,2.0788732394366196,3.380141038685091,213
IDN,AUS,1401.0,1.2587601078167117,4.007782120579047,1113
IDN,CHN,851.4,2.2114285714285713,3.2266427156234245,385
IDN,IDN,-227.20000000000007,-0.02949117341640707,4.584505051188995,7704
IDN,IGOUNO,405.0,0.8165322580645161,5.030626291006459,496
IDN,IRQ,382.2,1.8113744075829383,3.9025344032660674,211
IDN,JPN,819.2,2.4236686390532545,2.8987722003800274,338
IDN,KOR,652.5,2.8871681415929205,1.6728323122584898,226
IDN,MYS,115.89999999999998,0.19677419354838707,4.965760978287472,589
IDN,PHL,181.29999999999998,0.4613231552162849,4.904530421249047,393
IDN,SGP,594.1,1.850778816199377,3.491741285383247,321
IDN,THA,336.59999999999997,1.3097276264591438,3.712524032400041,257
IDN,USA,161.9,0.23531976744186048,4.5318815205100575,688
IGOBUSGOE,JPN,898.4,2.7141993957703927,2.3561545859404296,331
IGOEURCOE,RUS,987.5,1.4416058394160585,3.3612654766686045,685
IGOEUREEC,AUT,-42.40000000000002,-0.05428937259923178,5.148365203635254,781
IGOEUREEC,BEL,1138.5,2.593394077448747,3.087857661543957,439
IGOEUREEC,BGR,872.0,3.7264957264957266,3.103670626588904,234
IGOEUREEC,CHN,1566.2,3.7922518159806295,3.2425625151398627,413
IGOEUREEC,CZE,573.7,1.887171052631579,3.6239576706091925,304
IGOEUREEC,DEU,678.2,1.8580821917808221,3.510646545730591,365
IGOEUREEC,EUR,750.9,2.248203592814371,3.740860302426346,334
IGOEUREEC,FRA,1669.5,2.473333333333333,3.0315159608307387,675
IGOEUREEC,GBR,383.40000000000003,1.198125,4.624589747118507,320
IGOEUREEC,HUN,740.6,3.3972477064220183,3.4189080833122127,218
IGOEUREEC,ISR,462.9,2.163084112149533,3.6675575301586463,214
IGOEUREEC,POL,1023.1,3.7203636363636363,3.4944930417888678,275
IGOEUREEC,PRT,886.3,2.7696875,3.190127781537783,320
IGOEUREEC,ROU,997.8,3.9911999999999996,2.629154306897545,250
IGOEUREEC,RUS,1375.3,2.3310169491525423,3.665593337488664,590
IGOEUREEC,SVK,1015.3,4.110526315789474,2.830562464989441,247
IGOEUREEC,TUR,707.6,1.4772442588726513,3.9923991493097803,479
IGOEUREEC,USA,1751.6,2.8714754098360653,4.148140159771439,610
IGOEURSCE,RUS,763.5,2.169034090909091,3.8647993102147233,352
IGOMEAARL,EGY,951.7,2.586141304347826,2.682621090385966,368
IGOMEAARL,ISR,-19.000000000000004,-0.07786885245901641,3.889735617769565,244
IGOSEAASN,CHN,820.8,3.363934426229508,2.8396100576721794,244
IGOSEAASN,THA,597.3,2.351574803149606,2.8627596418682524,254
IGOUNO,AFG,1143.6,1.7593846153846153,4.724520137517585,650
IGOUNO,AFR,938.8,2.245933014354067,3.523929191278174,418
IGOUNO,AGO,396.3,1.0187660668380463,4.530399326893118,389
IGOUNO,ALB,-203.20000000000002,-0.6450793650793651,4.403574067021561,315
IGOUNO,CHN,512.2,1.3514511873350925,3.9201779943685766,379
IGOUNO,COD,890.0,2.1813725490196076,5.0629886075060435,408
IGOUNO,ERI,741.9,2.144219653179191,4.499872281378004,346
IGOUNO,ETH,801.4,2.4211480362537765,4.2302345961689785,331
IGOUNO,FRA,526.1,1.5751497005988024,3.8595164327464073,334
IGOUNO,GBR,513.0,1.4912790697674418,4.039020259492007,344
IGOUNO,IDN,-30.00000000000001,-0.046296296296296315,4.615508952648677,648
IGOUNO,IGOUNO,1499.2,1.7742011834319527,3.9938812184346966,845
IGOUNO,IRN,828.6,2.27013698630137,3.707382186056745,365
IGOUNO,IRQ,84.50000000000001,0.07853159851301117,5.088766842892905,1076
IGOUNO,ISR,1659.3999999999999,1.2112408759124087,4.044793647905302,1370
IGOUNO,KHM,619.6,2.129209621993127,3.489166345553272,291
IGOUNO,LBN,3375.8,2.860847457627119,5.446142439799999,1180
IGOUNO,PSE,780.4,1.7419642857142856,3.8105854774625185,448
IGOUNO,RUS,1267.4,1.8079885877318118,3.7990704246299725,701
IGOUNO,RWA,252.2,0.9516981132075472,4.70339244743406,265
IGOUNO,SLE,940.1,1.0033084311632872,5.39013023960034,937
IGOUNO,UGA,394.4,1.2061162079510703,5.021325005269044,327
IGOUNO,USA,3247.9,2.0967721110393804,3.6121353620460663,1549
IGOUNODEVWBK,USA,1107.3,3.4711598746081505,3.956149051429565,319
IGOWSTNAT,ALB,-2142.2,-2.7784695201037612,6.199841074003506,771
IGOWSTNAT,BEL,350.5,1.4604166666666667,4.410179342615295,240
IGOWSTNAT,RUS,1578.9,1.7621651785714287,4.028708070161573,896
IGOWSTNAT,USA,-188.20000000000002,-0.5377142857142858,4.902324508994266,350
IMGSEAMOSASF,MYS,-1105.1,-1.615643274853801,6.493643994207914,684
IMGSEAMOSASF,PHL,-3107.8,-1.5301821762678485,5.98296184425821,2031
IMGSEAMOSASF,USA,-685.0,-2.1141975308641974,5.701684801071336,324
IND,CHN,130.1,0.47309090909090906,4.443013408559519,275
IND,IND,717.1999999999999,1.0672619047619047,4.151063240147405,672
IND,LKA,565.0,1.765625,3.9007441919182155,320
IND,PAK,-521.6,-0.3889634601043997,4.80315790549111,1341
IND,RUS,1100.8,2.658937198067633,3.5986955978147974,414
IND,USA,926.0,1.8821138211382114,3.5389490085021054,492
IRL,GBR,3298.8,1.4037446808510639,4.370049144099262,2350
IRL,IRL,2222.1,1.5637579169598874,3.869210671471355,1421
IRL,USA,860.6999999999999,1.9255033557046979,3.291294830777896,447
IRN,AFG,458.7,0.2803789731051345,5.481636854862345,1636
IRN,ARM,616.7,2.267279411764706,3.31409757786178,272
IRN,AZE,1443.2,1.8384713375796178,3.545566749982002,785
IRN,CHN,1497.5,3.0876288659793816,2.2763179695153717,485
IRN,CUB,879.7,3.108480565371025,1.9943889789716684,283
IRN,DEU,2092.7,1.1803158488437675,3.7736614704304365,1773
IRN,EGY,1606.7,2.165363881401617,3.382478439506665,742
IRN,FRA,424.9,1.249705882352941,4.297090313686354,340
IRN,GBR,1763.6,1.8682203389830507,3.3701840640894565,944
IRN,IGOBUSOPC,196.7,0.9064516129032257,3.5548160913399873,217
IRN,IGOUNO,1018.2,2.435885167464115,3.490790117073514,418
IRN,IRN,2434.6,0.3701124961994527,4.497088817542407,6578
IRN,IRQ,781.4999999999999,0.27144841959013544,5.425273938766944,2879
IRN,ISR,-3180.1,-1.3475,4.520280017079752,2360
IRN,ITA,828.1,2.865397923875433,3.0249735876020662,289
IRN,JOR,715.4,1.9653846153846153,3.299930647135771,364
IRN,JPN,2371.4,2.6978384527872583,2.6444823489950013,879
IRN,KWT,1633.7,2.6694444444444447,3.4852456398932086,612
IRN,LBN,2057.8,1.7006611570247936,4.7295071387946255,1210
IRN,PAK,1495.4,2.097335203366059,4.375587430368122,713
IRN,PSE,1388.6,1.6550655542312276,3.6958010056364214,839
IRN,QAT,1448.8,2.7543726235741444,2.9926719843058494,526
IRN,RUS,4936.7,2.6859085963003264,3.331756525017194,1838
IRN,SAU,2578.7,2.5633200795228626,3.500006611356144,1006
IRN,SYR,2517.6,2.611618257261411,3.2228561141028997,964
IRN,TJK,822.5,2.336647727272727,3.332879133293887,352
IRN,TKM,1094.2,3.1900874635568512,2.831705568217906,343
IRN,TUR,2213.3,1.6628850488354623,4.0540378573010925,1331
IRN,USA,966.3,0.3707981580966999,4.048317948366657,2606
IRQ,CHN,774.3,2.2773529411764706,2.6817616373915185,340
IRQ,EGY,1467.1,2.2745736434108528,3.468631168912345,645
IRQ,FRA,604.8,1.9078864353312301,3.5654682987784225,317
IRQ,GBR,-2509.9,-2.1882301656495207,5.45605089488459,1147
IRQ,IGOMEAARL,-119.7,-0.532,3.885153517834637,225
IRQ,IGOUNO,564.5,0.48747841105354056,4.438554706188422,1158
IRQ,IRN,-966.0000000000001,-0.38624550179928036,5.272284015311086,2501
IRQ,IRQ,2960.1,0.8929411764705882,4.229853909868767,3315
IRQ,ISR,-1173.5,-2.4447916666666667,5.428034969565701,480
IRQ,JOR,3473.0,2.232005141388175,3.4056928077761457,1556
IRQ,KWT,-4309.6,-1.8519982810485605,5.034831736406539,2327
IRQ,LBN,599.9,2.2552631578947366,3.3195689829213353,266
IRQ,PSE,621.2,1.5726582278481014,4.718288403008162,395
IRQ,RUS,3704.5,2.6180212014134274,3.215176887547655,1415
IRQ,SAU,-865.0,-0.7849364791288567,4.657145140406663,1102
IRQ,SYR,2638.8,2.668149646107179,2.9089013734149614,989
IRQ,TUR,181.0,0.2154761904761905,4.985217577022576,840
IRQ,USA,-553.8000000000001,-0.3160958904109589,4.439346045957326,1752
IRQ,VEN,798.0,3.105058365758755,2.5633104085315894,257
ISR,AUT,-172.20000000000002,-0.3640591966173362,4.163346164399968,473
ISR,CAN,215.8,0.6894568690095847,4.348391689002536,313
ISR,CHE,466.3,1.3714705882352942,3.4236782927473985,340
ISR,CHN,2078.5,2.5347560975609755,3.3289860756824026,820
ISR,DEU,679.2,1.3611222444889781,4.509959031404382,499
ISR,EGY,11660.4,2.494736842105263,3.9273471101259276,4674
ISR,FRA,2625.9,1.913921282798834,3.515775026378107,1372
ISR,GBR,968.2,2.1708520179372197,3.699061853805206,446
ISR,IGOUNO,1710.8,1.544043321299639,3.8485524074866455,1108
ISR,IRN,-654.0,-0.5182250396196514,5.02970879064647,1262
ISR,IRQ,-149.60000000000002,-0.4311239193083574,5.620216363286092,347
ISR,ISR,2538.4999999999995,0.16692970342605376,4.942517657391285,15207
ISR,ITA,313.2,1.4108108108108108,4.4497465757591055,222
ISR,JOR,6112.2,2.1682156793189074,4.595401168199362,2819
ISR,LBN,3818.1,0.3009695727573703,7.471646566204052,12686
ISR,MAR,1074.5,2.620731707317073,2.7302586730437426,410
ISR,NOR,476.8,1.2514435695538058,4.374655386739426,381
ISR,PSE,-16254.0,-0.6407789955057952,6.277005800673221,25366
ISR,QAT,415.8,1.8900000000000001,3.2682490808985967,220
ISR,RUS,3721.9,2.170204081632653,3.2920989736957753,1715
ISR,SAU,736.1,1.5022448979591838,4.804911327406336,490
ISR,SWE,437.3,2.0627358490566037,3.842488587622264,212
ISR,SYR,18405.4,2.176608325449385,5.111890721126541,8456
ISR,TUR,2091.7,2.251560818083961,3.5806954025066267,929
ISR,USA,16321.1,1.867616432086051,3.789624489433993,8739
ISR,YEM,439.4,1.9104347826086956,3.6963896917627683,230
ITA,ALB,560.8,1.0784615384615384,4.586933517387211,520
ITA,AUT,84.19999999999999,0.19718969555035126,3.813195715829115,427
ITA,CAN,698.8,2.7952,2.629134143664322,250
ITA,CHN,630.2,1.9213414634146342,3.4962061612825277,328
ITA,DEU,1870.8,2.8781538461538463,3.3574308232402106,650
ITA,ESP,771.4,2.418181818181818,4.128545568080688,319
ITA,EUR,713.1,2.097352941176471,3.1511236080260607,340
ITA,FRA,1108.4,1.3338146811070999,4.452144441667515,831
ITA,GBR,1557.3,2.821195652173913,3.3759214675039786,552
ITA,GRC,485.7,2.0070247933884295,4.402092136451254,242
ITA,HRV,1048.4,2.6474747474747478,3.4217500425646348,396
ITA,IGOEUREEC,632.6,1.7284153005464482,3.7101506378879066,366
ITA,IRN,1030.9,2.847790055248619,2.7856892064071106,362
ITA,IRQ,434.2,1.8091666666666666,4.236511864193617,240
ITA,ISR,325.7,1.2431297709923663,4.6618376630775185,262
ITA,ITA,4878.3,1.6036489151873767,3.8280120502471036,3042
ITA,JPN,851.8,2.596951219512195,2.6842939670588852,328
ITA,KOR,774.2,3.5190909090909095,2.3607713101680163,220
ITA,PRK,2049.7,4.058811881188118,2.3756382964861413,505
ITA,RUS,2801.9,2.7550639134709933,3.1439005471608987,1017
ITA,TUR,181.1,0.46435897435897433,4.682493400597766,390
ITA,USA,1408.1,1.549064906490649,4.257291193900081,909
ITA,VAT,717.6999999999999,2.3531147540983604,2.7880262902886708,305
JOR,EGY,3407.5,3.1580166821130677,3.053300193877595,1079
JOR,FRA,568.2,2.692890995260664,3.200311991109983,211
JOR,GBR,708.8,2.4441379310344824,3.2263378891059786,290
JOR,IRN,702.6999999999999,1.8064267352185088,3.571527559194736,389
JOR,IRQ,4365.9,2.1961267605633803,3.61799173649734,1988
JOR,ISR,4541.4,1.230065005417118,4.8967630615824635,3692
JOR,JOR,3469.9,1.6586520076481837,3.6480174446212428,2092
JOR,LBN,1317.8999999999999,1.9818045112781952,4.654245670667959,665
JOR,LBY,868.6999999999999,2.3734972677595625,3.545389799655233,366
JOR,PSE,3145.0,1.6286897980321078,4.135646291862164,1931
JOR,SAU,1855.2,2.56597510373444,3.0751670421831476,723
JOR,SYR,2369.3,2.3980769230769234,3.224071435660663,988
JOR,TUR,1096.7,3.549190938511327,2.6905512263727314,309
JOR,USA,1534.9,1.645123258306538,4.0981062190273425,933
JPN,AUS,732.1,2.773106060606061,3.3367746163652416,264
JPN,CAN,1073.2,2.484259259259259,3.465887110676167,432
JPN,CHN,8119.8,1.9617782072964485,3.691723703560467,4139
JPN,DEU,1413.5,2.739341085271318,3.0059266299752148,516
JPN,EUR,450.5,2.115023474178404,3.0317750614172003,213
JPN,FRA,1257.5,2.2616906474820144,3.4093337730707236,556
JPN,GBR,1899.6,2.5093791281373843,3.289305142079697,757
JPN,IDN,1376.3,3.0652561247216035,2.609605366454611,449
JPN,IGOBUSGOE,1325.4,2.9258278145695367,2.7591311856253085,453
JPN,IGOSEAASN,744.9,3.4013698630136986,2.4455629068542017,219
JPN,IGOUNO,651.9,2.6717213114754097,3.0433053269364194,244
JPN,IRN,2823.8,2.9081359423274975,2.991070167767873,971
JPN,ISR,-27.800000000000004,-0.10296296296296298,5.039788759672129,270
JPN,ITA,939.4,2.7710914454277287,2.6702595535507343,339
JPN,JPN,12192.0,1.513030528667163,3.8252262597461075,8058
JPN,KHM,897.2,2.884887459807074,3.091788797955774,311
JPN,KOR,6511.8,2.7757033248081844,3.192172936297452,2346
JPN,LBN,200.9,0.8166666666666667,3.9205276959825173,246
JPN,NLD,-1.3000000000000043,-0.005138339920948634,5.091349386170228,253
JPN,PAK,1080.3,3.2736363636363635,3.666027655806999,330
JPN,PER,494.4,1.4670623145400592,3.611326589658816,337
JPN,PHL,747.3,3.1665254237288134,3.38028423257097,236
JPN,PRK,11819.7,2.458340266222962,4.358513915565601,4808
JPN,RUS,12548.2,2.7891086908201825,3.2154233943106014,4499
JPN,SAU,823.6,3.131558935361217,2.968516773618406,263
JPN,SGP,897.1,2.950986842105263,3.0250983694816966,304
JPN,THA,954.0,2.3155339805825244,3.1545743955163545,412
JPN,TWN,1475.0,2.2797527047913446,3.214981561424326,647
JPN,USA,10145.6,2.1260687342833196,3.9352897422117747,4772
JPN,VNM,955.5,2.9952978056426334,2.819074152572004,319
KAZ,CHN,956.8,3.096440129449838,3.185481514776346,309
KAZ,KAZ,1921.4,1.9849173553719008,3.325701330796757,968
KAZ,KGZ,1989.2,3.4474870017331023,3.255849131902341,577
KAZ,RUS,3686.0,2.9511609287429943,3.5093351716069154,1249
KAZ,TJK,1050.2,2.530602409638554,3.963377441947356,415
KAZ,UZB,1366.4,2.8466666666666667,3.7041123303539667,480
KEN,AFR,476.2,1.1152224824355972,4.076357763335379,427
KEN,ETH,-31.700000000000014,-0.0751184834123223,5.09353107132242,422
KEN,GBR,515.6,1.759726962457338,3.9460161886149976,293
KEN,KEN,262.8,0.1447136563876652,4.734947688721796,1816
KEN,RWA,599.5,1.6424657534246576,3.6658851159817734,365
KEN,SDN,681.7,1.9589080459770116,4.471820956374669,348
KEN,SOM,301.5,0.9164133738601824,4.6155990044700035,329
KEN,TZA,676.7,1.838858695652174,4.65613021270189,368
KEN,UGA,950.3,1.5553191489361702,4.876832184120685,611
KEN,USA,-39.3,-0.06411092985318108,5.55114226608026,613
KGZ,KAZ,1762.3,3.0124786324786323,3.6316811142670775,585
KGZ,KGZ,723.1999999999999,0.9166032953105195,4.327258733099638,789
KGZ,RUS,1964.6,2.9366218236173394,3.6967562989348695,669
KGZ,TJK,862.7,1.4622033898305085,5.19026893055317,590
KGZ,UZB,1182.3,1.8444617784711388,4.893254738558729,641
KHM,CHN,978.4,2.16940133037694,3.0879902627794085,451
KHM,IGOUNO,688.3,2.3020066889632105,3.478167184940663,299
KHM,JPN,616.8,2.1416666666666666,3.1213326913411263,288
KHM,KHM,953.1999999999999,0.5397508493771234,4.2506822975313066,1766
KHM,LAO,768.5,3.370614035087719,2.4685092560675423,228
KHM,THA,896.6999999999999,1.7112595419847327,3.9267975676240385,524
KHM,USA,-22.399999999999995,-0.08484848484848483,4.632904054365454,264
KHM,VNM,1348.6,2.243926788685524,4.3229851439290385,601
KOR,CHN,4669.0,2.545801526717557,3.2093147871517615,1834
KOR,DEU,748.1,3.2107296137339056,2.791661827383949,233
KOR,EUR,785.4,3.2861924686192467,2.260163260209355,239
KOR,FRA,683.8,3.122374429223744,3.3013622190485985,219
KOR,IDN,689.0,3.075892857142857,1.6651934285206071,224
KOR,JPN,6676.6,2.8290677966101696,3.2562618417973206,2360
KOR,KOR,6734.1,1.8815590947191954,3.740063149056434,3579
KOR,PRK,20051.0,2.6114873665016933,3.3515311546225637,7678
KOR,RUS,2974.6,2.6943840579710145,2.9432814809219026,1104
KOR,USA,5753.3,1.8583010335917314,4.303529252480869,3096
KOR,VNM,593.4,2.5037974683544304,4.006280335710251,237
KWT,IRN,1583.1,2.47359375,3.8909637570058835,640
KWT,IRQ,-819.6,-0.484111045481394,4.388286484109877,1693
KWT,KWT,657.5,1.1514886164623468,3.7396843460649896,571
KWT,SAU,2235.2,2.7870324189526183,3.8119375436450387,802
KWT,USA,248.79999999999998,0.7232558139534884,4.862456263449603,344
LAO,CHN,823.3,3.4304166666666664,2.377428692869507,240
LAO,KHM,671.5,3.1232558139534885,2.382925753046829,215
LAO,LAO,265.3,1.1950450450450452,4.2228662981104925,222
LAO,THA,169.5,0.4472295514511873,5.318373013493771,379
LAO,VNM,1228.6,2.4572,3.616152828983466,500
LBN,EGY,2356.0,2.6925714285714286,2.9150720371922674,875
LBN,FRA,686.5,1.3460784313725491,3.5641213525141704,510
LBN,IGOUNO,986.1,1.1923821039903264,4.252767509020573,827
LBN,IRN,1260.1,1.5255447941888618,4.254157468106417,826
LBN,IRQ,385.4,1.8009345794392522,3.2207512414156323,214
LBN,ISR,-9351.1,-1.1149517109812805,6.024694442550291,8387
LBN,JOR,1058.1,2.4606976744186047,3.8866233421772804,430
LBN,JPN,172.9,0.5861016949152542,4.678279895296844,295
LBN,LBN,3018.2,0.8321477805348773,5.523636508515927,3627
LBN,LBY,200.29999999999998,0.848728813559322,4.179285095458755,236
LBN,PSE,483.9,0.5300109529025191,5.122317194674923,913
LBN,RUS,-332.2,-1.5238532110091743,5.370072369181172,218
LBN,SYR,5839.5,1.714474456840869,4.282977830003196,3406
LBN,USA,505.59999999999997,0.7875389408099688,4.156032457791076,642
LBR,GIN,-680.4,-1.0309090909090908,4.757284878488121,660
LBR,LBR,298.7,0.3611850060459492,5.048568473377402,827
LBR,SLE,783.6999999999999,1.0662585034013605,4.387075893144891,735
LBR,USA,178.1,0.7067460317460317,4.290292262328911,252
LBY,AFR,921.8,2.143720930232558,2.9351729423764468,430
LBY,BGR,-169.1,-0.4380829015544041,3.9510807929059757,386
LBY,DEU,472.5,1.9524793388429753,3.8328150236862992,242
LBY,EGY,1376.5,2.2941666666666665,3.3454151176505076,600
LBY,FRA,446.2,1.5822695035460992,3.9354992391854093,282
LBY,GBR,338.09999999999997,0.8107913669064747,4.262098570892303,417
LBY,JOR,1171.0,3.2437673130193905,2.5666820759571514,361
LBY,LBN,87.0,0.39545454545454545,4.391011706965701,220
LBY,LBY,1885.7,1.8541789577187808,3.5957302899878805,1017
LBY,PHL,1632.7,2.5711811023622047,3.23356865837298,635
LBY,RUS,763.4,3.37787610619469,2.4836974055548473,226
LBY,SDN,950.9,2.756231884057971,3.236855844801705,345
LBY,SOM,687.9,2.7626506024096384,3.0607443292773193,249
LBY,USA,303.7,0.5121416526138279,4.2881342766400445,593
LKA,LKA,-2830.5,-1.5518092105263157,6.275591338087571,1824
LKA,NOR,1182.8,3.4184971098265895,3.2273027363675584,346
LTU,EST,791.6,3.4719298245614034,3.2669485896727437,228
LTU,IGOEUREEC,892.1,4.092201834862386,2.7100910106975933,218
LTU,LTU,1774.6,1.7518262586377096,3.4371530182652434,1013
LTU,LVA,1326.0,4.105263157894737,3.3618156569446507,323
LTU,POL,636.6,2.457915057915058,3.1043925332516853,259
LTU,RUS,1438.0,1.6937573616018846,4.098423090966404,849
LTU,USA,552.0,2.4,2.9939239779971367,230
LVA,AUS,312.4,0.7675675675675675,4.2254949550907375,407
LVA,EST,1237.2,3.4949152542372883,3.228902254043766,354
LVA,GBR,328.0,1.3723849372384938,3.4845986112395844,239
LVA,IGOEUREEC,924.3,3.7421052631578946,2.716527333398703,247
LVA,LTU,1433.8,4.14393063583815,2.906071731928978,346
LVA,LVA,1483.9,1.2376146788990827,3.6152793884769054,1199
LVA,RUS,268.2,0.22424749163879598,4.347705288340216,1196
MAC,CHN,442.8,1.9506607929515418,2.700579584532561,227
MAR,DZA,500.9,1.4189801699716713,3.7518263858711918,353
MAR,ESP,404.79999999999995,1.0823529411764705,4.191547581076509,374
MAR,FRA,249.4,1.056779661016949,3.900714147676351,236
MAR,ISR,810.0,1.8793503480278422,3.663663885421657,431
MAR,MAR,866.6999999999999,1.2434720229555236,4.011003686287817,697
MDA,MDA,929.2,1.474920634920635,3.672984721768683,630
MDA,ROU,771.1,2.379938271604938,3.976790092386354,324
MDA,RUS,2940.6,2.9494483450351052,3.733274911232915,997
MDA,UKR,871.9,2.4699716713881017,4.106031352182336,353
MEX,CUB,448.7,1.4615635179153095,3.7014510710102613,307
MEX,ESP,-241.8,-0.9829268292682928,4.828050814149735,246
MEX,MEX,471.4,0.3958018471872376,4.66565126091027,1191
MEX,USA,2261.1,1.4229704216488357,4.128999212397106,1589
MKD,ALB,1332.3,1.7257772020725388,4.283149052092022,772
MKD,BGR,1539.4,2.499025974025974,3.6268106026220526,616
MKD,GRC,882.6,2.6584337349397593,3.5542946175330026,332
MKD,MKD,2319.4,1.8466560509554142,3.9177261837102777,1256
MMR,CHN,640.3,2.7839130434782606,3.8205777463035155,230
MMR,GBR,155.6,0.5617328519855596,4.875297972398991,277
MMR,MMR,489.9,0.45487465181058495,4.600830992913269,1077
MMR,THA,128.39999999999998,0.13616118769883348,5.471314589479228,943
MNG,CHN,602.4,2.7888888888888888,2.4744586754347115,216
MNG,MNG,804.5,2.7934027777777777,3.626988204147294,288
MNG,RUS,1464.6,3.1228144989339017,2.8133100485355396,469
MOZ,AFR,1081.6,2.458181818181818,3.8200676643265283,440
MOZ,MOZ,1505.2,1.0102013422818792,4.094234585761875,1490
MOZ,USA,781.0,3.161943319838057,3.1412300599378633,247
MWI,MWI,89.7,0.3226618705035971,3.7009352073119834,278
MYS,CHN,706.2,2.4520833333333334,3.5760424030333695,288
MYS,IDN,11.39999999999999,0.016011235955056165,4.786387382974944,712
MYS,IMGSEAMOSASF,489.79999999999995,1.0884444444444443,4.74067362713362,450
MYS,IRQ,642.6,2.6775,3.50967491252848,240
MYS,MYS,705.0,0.39920724801812,4.21739678377687,1766
MYS,PHL,1877.7,1.0910517141196978,4.628971091938091,1721
MYS,SGP,442.59999999999997,1.8754237288135591,3.5444037145943588,236
MYS,USA,463.5,1.1472772277227723,4.092129771509537,404
NAM,AFR,335.5,1.1372881355932203,4.695637659460149,295
NAM,AGO,-471.7,-0.41632833186231244,6.068001569219178,1133
NAM,COD,618.3,2.1174657534246575,4.940359394197991,292
NAM,NAM,-284.6,-0.27156488549618324,4.974628334025412,1048
NAM,ZWE,1155.1,2.5726057906458797,4.192013306368428,449
NGA,AFR,1632.7,2.1568031704095114,3.535331395165199,757
NGA,CIV,356.7,1.189,4.119800340975074,300
NGA,GBR,1197.7,2.154136690647482,3.6779793918002355,556
NGA,NGA,4301.7,0.6568483737975264,4.2080729593872945,6549
NGA,SLE,1001.6,1.6419672131147542,5.549251882202251,610
NGA,USA,2908.3,2.4667514843087366,3.4485247772599776,1179
NIC,HND,429.7,1.418151815181518,4.463334870061431,303
NIC,NIC,289.9,1.1413385826771654,4.185650220256295,254
NLD,GBR,266.6,0.8544871794871796,4.587678772618613,312
NLD,HRV,-199.8,-0.7897233201581028,4.574868061516896,253
NLD,NLD,548.5,0.6377906976744186,4.524698975358289,860
NLD,USA,74.1,0.2382636655948553,4.864650192104927,311
NOR,ISR,544.1,1.6950155763239876,4.3362757728126144,321
NOR,LKA,1554.2,3.3934497816593887,3.0728216205817427,458
NOR,NOR,1459.6,1.8086741016109045,3.4485511902496975,807
NOR,PSE,743.8,2.582638888888889,4.571976903150573,288
NOR,RUS,2088.8,2.4401869158878506,3.6487404812516493,856
NPL,BTN,820.3,3.6620535714285714,3.2315758941187,224
NPL,NPL,555.0,1.1961206896551724,4.690925253600039,464
NZL,AUS,1094.5,2.328723404255319,3.9704672655906594,470
NZL,FJI,-310.8,-0.6304259634888438,4.497723816958247,493
NZL,NZL,539.4,1.4578378378378378,3.8581073860584105,370
PAK,AFG,2168.0,0.9995389580451821,4.883186169645395,2169
PAK,BGD,220.1,0.7169381107491857,4.691158392634453,307
PAK,CHN,1890.7,2.5619241192411923,3.030424662206872,738
PAK,EGY,568.4,2.503964757709251,3.743789211810582,227
PAK,GBR,338.3,1.1276666666666666,4.108063840458159,300
PAK,IGOUNO,518.6,1.78213058419244,3.714819844816257,291
PAK,IND,227.2,0.22765531062124247,5.133757211120826,998
PAK,IRN,1476.2,1.8568553459119497,4.609033149397805,795
PAK,JPN,893.7,2.9889632107023414,3.4918666661369295,299
PAK,PAK,1465.2,0.31095076400679117,4.663739250375719,4712
PAK,RUS,659.5,1.640547263681592,3.9117729713719442,402
PAK,SAS,543.8,2.219591836734694,3.0538916043436486,245
PAK,SAU,494.3,1.3884831460674159,4.567528619797899,356
PAK,USA,2659.7,1.3419273461150352,3.887235991482502,1982
PAN,COL,-24.40000000000002,-0.10472103004291854,4.571748329492736,233
PAN,CUB,-264.0,-1.2279069767441861,5.109507611178342,215
PAN,PAN,522.0,1.392,3.4220486718191863,375
PAN,PER,891.6999999999999,1.9053418803418802,3.224178146794618,468
PAN,USA,570.4,1.3112643678160918,4.23961860421563,435
PER,COL,218.5,0.9798206278026906,3.990472432927078,223
PER,JPN,482.5,1.5976821192052981,3.696199169050173,302
PER,PAN,1232.3,2.1619298245614034,3.2384345730064092,570
PER,PER,437.4,0.30889830508474575,3.9281252671003872,1416
PER,USA,672.4,1.1553264604810995,3.7105883032062077,582
PHL,CHN,-207.4,-0.29544159544159543,4.920278197066401,702
PHL,DEU,502.7,1.0343621399176954,4.53591763235989,486
PHL,FRA,766.1999999999999,1.4348314606741572,4.40567860894463,534
PHL,IDN,83.6,0.2645569620253164,4.870814617822101,316
PHL,IMGSEAMOSASF,-293.00000000000006,-0.1486555048198884,5.505979395631687,1971
PHL,LBY,1164.7,2.5101293103448277,3.2648141825086583,464
PHL,MYS,-204.89999999999998,-0.11816608996539792,5.633363322597699,1734
PHL,PHL,1531.3999999999999,0.3707092713628661,4.854916277691953,4131
PHL,TWN,475.0,1.9387755102040816,3.8322197654290835,245
PHL,USA,1218.3999999999999,0.8828985507246376,4.641393698522296,1380
PNG,PNG,283.2,1.3358490566037735,4.435321147703878,212
POL,BLR,183.29999999999998,0.8256756756756756,4.725641831314261,222
POL,CZE,761.8,2.0260638297872338,3.811835804252535,376
POL,DEU,1065.9,1.9205405405405407,3.796042457013273,555
POL,FRA,528.0,2.190871369294606,3.4159429621826525,241
POL,GBR,397.8,1.7447368421052631,4.325003467804638,228
POL,HUN,1125.5,2.9775132275132274,3.233691529554517,378
POL,IGOEUREEC,1321.8,2.930820399113082,3.7307138418664674,451
POL,LTU,777.6,2.767259786476868,3.085124904878005,281
POL,POL,3421.8,1.258014705882353,3.8277737506946123,2720
POL,RUS,1233.0,0.7387657279808268,4.0846309192682835,1669
POL,SVK,797.9,2.7325342465753426,3.1269260317055556,292
POL,UKR,2193.0,2.9635135135135133,3.1762811049185498,740
POL,USA,573.3,1.2854260089686098,4.254619503725252,446
PRK,AUS,1565.9,3.526801801801802,2.7494103856153362,444
PRK,CHN,4151.3,2.353344671201814,3.1824791780797073,1764
PRK,DEU,1042.2,2.9524079320113317,3.0771151508028654,353
PRK,ITA,1837.0,4.082222222222223,2.3544100579781415,450
PRK,JPN,8236.4,2.0064311814859925,4.633726954776807,4105
PRK,KOR,16473.5,2.3326961200792975,3.546344802687511,7062
PRK,NGOHLHIRC,727.5,3.447867298578199,3.042748241063816,211
PRK,PRK,5383.6,2.33866203301477,3.1711157756413395,2302
PRK,RUS,4714.3,2.9464375,2.8163331019575795,1600
PRK,THA,1307.7,3.1284688995215313,2.4178846116871076,418
PRK,USA,11158.0,2.3451029844472466,3.8132228727994577,4758
PRK,VNM,598.0,2.6343612334801763,3.1514233210692284,227
PRT,AGO,339.0,0.7669683257918553,4.558925793819448,442
PRT,AUT,245.6,0.7627329192546584,3.906130972529156,322
PRT,FRA,-31.700000000000003,-0.09109195402298852,4.92503525786688,348
PRT,IGOEUREEC,850.0,2.1794871794871793,3.5421065789364286,390
PRT,PRT,1408.5,1.7761664564943254,3.709777476042491,793
PRT,RUS,607.7,2.2760299625468168,2.4458239626436176,267
PSE,DEU,406.8,1.5767441860465117,4.022959625005117,258
PSE,EGY,6423.3,2.383413729128015,3.655995908813434,2695
PSE,FRA,355.0,0.7426778242677824,4.934576031734268,478
PSE,IGOUNO,642.0,1.5,3.7999075546501873,428
PSE,IRN,615.1,1.3430131004366812,3.951949534666967,458
PSE,IRQ,300.1,1.2299180327868853,4.4965060044881255,244
PSE,ISR,-20771.3,-0.9268763944667558,5.906909838776817,22410
PSE,JOR,2409.6,1.7995519044062733,3.9263111289824586,1339
PSE,LBN,585.6,0.7375314861460958,5.339585632896775,794
PSE,PSE,-7402.2,-1.4579870001969666,5.7615893523470705,5077
PSE,QAT,441.8,1.8408333333333333,3.2119675752291723,240
PSE,RUS,1528.2,2.3474654377880184,3.5225740846000537,651
PSE,SAU,441.7,1.4022222222222223,4.338917519045993,315
PSE,SYR,2112.4,2.3761529808773902,3.787603422783618,889
PSE,USA,6732.9,1.7286007702182284,3.9859194221671896,3895
QAT,BHR,633.0,1.5944584382871536,3.4772303388915238,397
QAT,IRN,1037.5,2.5121065375302662,3.071486258032483,413
QAT,IRQ,538.1,2.101953125,3.5266765021384217,256
QAT,ISR,137.6,0.2890756302521008,4.3373732514840215,476
QAT,JOR,411.09999999999997,1.8518018018018017,3.078339359038978,222
QAT,KWT,618.7,2.932227488151659,2.9626250048616147,211
QAT,PSE,328.8,1.1870036101083032,4.195077003057408,277
QAT,QAT,652.8,2.1194805194805193,3.096989773570415,308
QAT,SAU,829.0,2.726973684210526,3.2321910212710296,304
ROU,BGR,1705.4,3.6518201284796574,3.3126062871897015,467
ROU,HUN,1702.7,1.904586129753915,3.6367372744276776,894
ROU,IGOEUREEC,1130.3,3.7551495016611294,3.0036114475036135,301
ROU,MDA,731.0,2.620071684587814,4.249573655537182,279
ROU,ROU,2711.5,1.7757039947609692,3.7321799063477306,1527
ROU,RUS,621.9,2.646382978723404,3.602518365067583,235
ROU,TUR,332.5,1.420940170940171,4.5776783445812415,234
ROU,USA,357.1,1.4879166666666668,3.873671972908387,240
RUS,AFG,-892.3,-0.7772648083623693,5.365646530968156,1148
RUS,ALB,-441.0,-1.3955696202531647,5.734854116539913,316
RUS,ARM,3484.8,2.6662586074980874,3.7556187619740444,1307
RUS,AUT,650.5,2.1828859060402683,3.1423268299352083,298
RUS,AZE,2752.9,1.8600675675675675,3.8341769357107442,1480
RUS,BEL,856.6,2.4901162790697673,3.020882806572637,344
RUS,BGR,758.5,1.7121896162528216,3.330251500861004,443
RUS,BLR,5281.8,2.712788906009245,3.7673539226818535,1947
RUS,CAN,1486.7,2.2025185185185188,3.4861373875741495,675
RUS,CHE,828.8,1.543389199255121,3.759127953330398,537
RUS,CHN,9222.4,2.550442477876106,3.4014942323942274,3616
RUS,CUB,2462.5,2.5571131879543096,3.023432185018189,963
RUS,CZE,410.4,0.9079646017699115,3.912686548313285,452
RUS,DEU,3949.4,2.012945973496432,3.7283121735681313,1962
RUS,EGY,1101.7,2.7135467980295567,2.6132027048847335,406
RUS,ESP,1222.0,1.640268456375839,3.9135469066052977,745
RUS,EST,1127.8,1.7297546012269938,4.026765817680442,652
RUS,EUR,1275.3,1.635,4.118138982330739,780
RUS,FIN,768.9,2.8690298507462684,3.6479705238564932,268
RUS,FRA,4081.9,1.8959126799814212,3.783265344771839,2153
RUS,GBR,6077.3,2.179024740050197,3.5118411576863124,2789
RUS,GRC,822.5,2.035891089108911,4.056783547636845,404
RUS,HUN,468.8,1.4977635782747605,4.541316183078959,313
RUS,IGOEURCOE,1020.6,1.4642754662840747,3.578949562369707,697
RUS,IGOEUREEC,1540.6,2.8164533820840947,3.192060870335811,547
RUS,IGOEURSCE,616.9,2.0841216216216214,3.850272000790761,296
RUS,IGOUNO,1346.3,1.28955938697318,4.122763340545484,1044
RUS,IGOWSTNAT,1792.4,1.3992193598750977,4.116863112871851,1281
RUS,IND,1262.1,2.848984198645598,3.416868933644442,443
RUS,IRN,5924.7,2.7004102096627163,3.3769969438516054,2194
RUS,IRQ,4804.5,2.0962041884816753,4.045030090301515,2292
RUS,ISR,4205.8,2.1712958182756843,3.2544886396367807,1937
RUS,ITA,2454.2,2.4566566566566563,3.2250791469732527,999
RUS,JPN,10751.0,2.2369954223886808,3.619732089300826,4806
RUS,KAZ,3509.6,2.862642740619902,3.5600033292257325,1226
RUS,KGZ,2156.2,3.1802359882005895,3.6134728938878786,678
RUS,KOR,3427.8,2.8951013513513515,2.906827534035529,1184
RUS,KWT,600.3,2.2399253731343283,4.323796534737813,268
RUS,LBN,420.4,1.5864150943396225,4.835870974769671,265
RUS,LBY,1039.4,3.1981538461538466,3.235699254815925,325
RUS,LTU,1033.8,1.5004354136429607,4.264665168121161,689
RUS,LVA,246.0,0.22404371584699453,4.358466571300786,1098
RUS,MDA,2395.3,2.9571604938271605,3.9308207324394444,810
RUS,MNG,1263.6,2.2444049733570157,3.9191903704142987,563
RUS,NOR,2154.7,2.5499408284023666,3.4238521612486412,845
RUS,PAK,677.3,1.444136460554371,3.9940972406369273,469
RUS,POL,962.3,0.7003639010189229,4.525917097959644,1374
RUS,PRK,5187.3,2.772474612506681,3.109070088337462,1871
RUS,PRT,635.8,2.800881057268722,2.2771662095611336,227
RUS,PSE,1829.5,2.198918269230769,3.3305371593010817,832
RUS,ROU,516.2,2.3678899082568807,3.6891266493343053,218
RUS,RUS,22308.1,0.6750416074076315,4.574615689496164,33047
RUS,SAU,440.4,1.7975510204081633,3.5666709294386334,245
RUS,SWE,-84.70000000000002,-0.19471264367816096,5.101314062001237,435
RUS,SYR,1404.9,2.9639240506329116,2.9900656873245235,474
RUS,TJK,910.9,0.7622594142259415,5.053748621100744,1195
RUS,TKM,1183.7,3.0745454545454547,3.188794894437062,385
RUS,TUR,1977.3,2.1261290322580644,4.152117628562169,930
RUS,UKR,6627.3,2.180032894736842,3.7500456505594926,3040
RUS,USA,11865.7,1.3690665743625245,4.242728493171002,8667
RUS,UZB,1156.5,2.1104014598540144,3.8099673741996622,548
RUS,VNM,1550.1,3.2980851063829784,2.5127513936524295,470
RWA,COD,272.3,0.3312652068126521,6.305093979502539,822
RWA,COG,119.0,0.5409090909090909,6.617898733334157,220
RWA,KEN,635.4,2.213937282229965,2.4452925024679875,287
RWA,RWA,416.4,0.390253045923149,4.688015000520038,1067
RWA,TZA,340.0,1.5246636771300448,3.8136397866622707,223
RWA,UGA,-1995.2,-0.860742018981881,6.515789643963972,2318
SAU,AFG,362.4,1.473170731707317,5.755410206068674,246
SAU,ARE,688.6,3.0604444444444447,2.3185566973292158,225
SAU,EGY,1779.5,2.926809210526316,3.574076765817232,608
SAU,GBR,-277.6,-0.7605479452054795,6.012453168676209,365
SAU,IRN,2672.6,2.511842105263158,3.6117388298238895,1064
SAU,IRQ,807.1,0.9551479289940829,4.464582861387539,845
SAU,ISR,968.2,1.0012409513960703,4.145043500616919,967
SAU,JOR,1718.7,2.390403337969402,3.209205896063925,719
SAU,JPN,361.2,1.3786259541984733,4.416904268318748,262
SAU,KWT,2327.6,2.8043373493975903,3.7759131833991018,830
SAU,LBN,1197.6,3.3359331476323115,3.9743684584551278,359
SAU,PAK,25.599999999999977,0.06863270777479887,5.374467466162695,373
SAU,PSE,1590.2,2.677104377104377,3.9784725558672083,594
SAU,QAT,839.4,2.325207756232687,3.984916215980473,361
SAU,RUS,581.3,2.1853383458646616,3.3157900220001486,266
SAU,SAU,2654.5,1.3173697270471465,4.1493692500863,2015
SAU,SDN,369.5,1.3890977443609023,5.2719186237380065,266
SAU,SYR,1829.7,2.7977064220183485,3.1898543605789405,654
SAU,TUR,-46.20000000000001,-0.1033557046979866,4.510472360108981,447
SAU,USA,335.5,0.405683192261185,4.800436734696256,827
SAU,YEM,1511.3,1.7800942285041224,4.395521089869535,849
SDN,EGY,2445.3,2.2311131386861316,3.636329757084257,1096
SDN,ERI,2745.1,2.491016333938294,3.418709682934592,1102
SDN,ETH,1383.8,2.90104821802935,3.5090367959121043,477
SDN,GBR,540.6,2.2810126582278483,3.810191816961775,237
SDN,KEN,845.3,2.3095628415300546,3.7411654949258373,366
SDN,LBY,779.2,2.18876404494382,3.558918595121782,356
SDN,SAU,563.1,2.458951965065502,3.1795496125883296,229
SDN,SDN,2511.0,1.4122609673790776,4.1891056223226615,1778
SDN,UGA,1723.6,2.1491271820448876,5.001653208466386,802
SDN,USA,492.5,0.7394894894894894,3.487824456338826,666
SEN,GNB,414.5,1.6987704918032787,4.350303726754083,244
SEN,SEN,349.9,0.6203900709219857,4.639669001596693,564
SGP,CHN,889.9,2.625073746312684,2.6280670294179025,339
SGP,IDN,500.09999999999997,1.377685950413223,3.573524984973167,363
SGP,JPN,879.3,2.827331189710611,3.2587538113307626,311
SGP,MYS,522.8,2.2730434782608695,2.912173567789372,230
SGP,SGP,1106.2,1.940701754385965,3.4769933578765255,570
SGP,TWN,659.0,2.2802768166089966,3.2642410094156555,289
SGP,USA,293.3,1.3454128440366973,4.167783181626757,218
SLB,AUS,544.1,2.0003676470588236,3.31215471680097,272
SLB,SLB,159.29999999999998,0.5172077922077921,4.440514833072892,308
SLE,AFR,473.59999999999997,1.6914285714285713,4.398712514701818,280
SLE,GBR,974.5,1.1898656898656899,4.727437196978547,819
SLE,GIN,254.79999999999998,0.7962499999999999,5.469045265204217,320
SLE,IGOUNO,383.8,0.5978193146417445,5.434178102440991,642
SLE,LBR,622.4,0.8376850605652759,4.688597284803019,743
SLE,NGA,228.89999999999998,0.5064159292035397,5.50175771022383,452
SLE,SLE,-512.7,-0.37754050073637707,5.540652001548569,1358
SLE,USA,-29.00000000000001,-0.09090909090909094,5.341078388616364,319
SOM,DJI,1298.3,1.2495668912415785,3.4970393898720973,1039
SOM,ETH,351.5,0.8944020356234097,4.602031407177586,393
SOM,KEN,322.7,1.3616033755274262,4.267556256377235,237
SOM,LBY,702.4,2.8905349794238684,2.441741207793631,243
SOM,SOM,531.9,0.6673776662484316,4.961952198708125,797
SVK,AUT,438.09999999999997,1.3907936507936507,3.351149295004891,315
SVK,CZE,1671.2,2.380626780626781,3.4650726226025115,702
SVK,DEU,227.6,1.0488479262672812,3.760936036452232,217
SVK,HUN,1548.6,2.5058252427184464,3.2988920661431074,618
SVK,IGOEUREEC,1255.8,3.650581395348837,2.9751153951312093,344
SVK,IGOWSTNAT,542.7,2.4227678571428575,3.075575620722539,224
SVK,POL,816.3,2.7765306122448976,3.42313353703449,294
SVK,SVK,3615.0,1.679832713754647,3.5352094134991305,2152
SWE,ISR,494.9,2.2912037037037036,3.8613127584769558,216
SWE,RUS,384.0,1.28,4.998548284235412,300
SWE,SWE,1207.7,1.713049645390071,3.7002380035672324,705
SYR,CHE,631.1,2.2379432624113478,3.2212727127655336,282
SYR,EGY,4661.0,2.6942196531791907,3.091844736248311,1730
SYR,FRA,1086.5,2.173,3.0734709119973442,500
SYR,IGOUNO,400.4,1.595219123505976,3.30331606901199,251
SYR,IRN,2410.4,2.705274971941639,3.2337763098362706,891
SYR,IRQ,2693.7,2.462248628884826,3.422279255847959,1094
SYR,ISR,13502.3,1.6056962777975978,4.955524326896127,8409
SYR,JOR,2239.1,2.624970691676436,3.693389305096225,853
SYR,LBN,9611.0,2.305902111324376,4.799605385548497,4168
SYR,PSE,2000.1,1.8035166816952208,4.153872131730854,1109
SYR,RUS,965.8,2.891616766467066,3.5663073520053343,334
SYR,SAU,1556.6,2.7404929577464787,2.946557690882681,568
SYR,SYR,5350.9,1.9650752846125596,3.419530963899345,2723
SYR,TUR,1546.7,2.832783882783883,3.4803677883520403,546
SYR,USA,4338.6,2.228351309707242,3.780870537104844,1947
THA,CHN,1642.8,2.944086021505376,2.373656847400607,558
THA,IDN,356.8,1.5182978723404257,3.4072266833271674,235
THA,IGOSEAASN,720.0,2.1301775147928996,2.9338261491505424,338
THA,JPN,810.8,1.512686567164179,3.873980717639369,536
THA,KHM,750.5,1.3074912891986064,4.449334281136811,574
THA,LAO,245.7,0.5992682926829268,5.023385356638536,410
THA,MMR,-142.5,-0.1284941388638413,5.430978097115334,1109
THA,PRK,1317.7,2.9282222222222223,2.7075295397943857,450
THA,THA,1225.8999999999999,0.6545114789108382,4.335803313443192,1873
THA,USA,735.9,1.8260545905707195,4.121058776552273,403
THA,VNM,719.8,3.0243697478991596,2.7287333852954725,238
TJK,AFG,17.499999999999993,0.02615844544095664,5.3789582594488845,669
TJK,CHN,1185.2,2.977889447236181,2.4415202696357055,398
TJK,IRN,824.3,2.396220930232558,3.0767277907818538,344
TJK,KAZ,1224.7,3.3738292011019286,3.014459343061064,363
TJK,KGZ,1130.1,2.06599634369287,4.926802589735899,547
TJK,RUS,1928.3999999999999,1.8832031249999999,4.135338856988773,1024
TJK,TJK,749.1999999999999,0.7462151394422311,4.655336630160009,1004
TJK,UZB,554.1,0.7706536856745481,5.166041192782538,719
TKM,AFG,488.09999999999997,2.208597285067873,4.085814520530075,221
TKM,IRN,1237.7,3.5771676300578035,2.8283090786338208,346
TKM,RUS,1385.0,3.2819905213270144,3.068305190329438,422
TKM,TKM,1181.2,2.5622559652928416,2.9451962560266267,461
TKM,TUR,846.9,3.0796363636363635,2.8166255394229793,275
TKM,UZB,703.5,2.9558823529411766,2.834065503343211,238
TUN,EGY,620.6,2.8599078341013824,2.1301638762344703,217
TUN,ISR,4.599999999999991,0.019742489270386226,3.9259905320237745,233
TUN,PSE,639.9,3.032701421800948,2.8372390672469345,211
TUN,TUN,699.6,1.5077586206896552,3.733096407576753,464
TUR,ALB,836.8,2.6565079365079365,3.442898237852913,315
TUR,ARM,-107.7,-0.13932729624838291,4.9480729030218615,773
TUR,AZE,2138.1,2.607439024390244,3.0914559127540713,820
TUR,BEL,359.8,1.2942446043165468,3.512500005199022,278
TUR,BGR,1016.5,1.9288425047438331,3.335653006091794,527
TUR,CHN,1102.4,2.8708333333333336,2.9765372022326577,384
TUR,CYP,1763.8999999999999,0.7470986869970351,4.521772311995366,2361
TUR,DEU,914.7,1.8629327902240327,3.7782744622115754,491
TUR,EGY,641.2,2.8246696035242294,3.6980512987321132,227
TUR,EUR,562.6,1.45,3.9138163799967356,388
TUR,FRA,229.49999999999997,0.7105263157894736,3.5607959411561034,323
TUR,GBR,128.1,0.3893617021276596,4.378680600209469,329
TUR,GRC,7284.0,2.169148302561048,3.8781931893735595,3358
TUR,IGOEUREEC,1008.0,1.68,3.695875967247205,600
TUR,IGOUNO,457.2,2.097247706422018,3.6422244359161318,218
TUR,IGOWSTNAT,346.3,1.595852534562212,3.9022941182797437,217
TUR,IRN,707.3,0.4493646759847522,4.551948812769367,1574
TUR,IRQ,161.29999999999998,0.15494716618635926,5.642689026015995,1041
TUR,ISR,1678.2,1.6261627906976746,3.961349837622789,1032
TUR,ITA,412.09999999999997,1.3736666666666666,4.11809042941487,300
TUR,JOR,1012.4,3.5152777777777775,2.812188985685664,288
TUR,PSE,457.2,1.6328571428571428,4.08806187232921,280
TUR,RUS,2118.1,2.194922279792746,4.1567528819935395,965
TUR,SAU,-200.70000000000002,-0.4334773218142549,4.5374752933657385,463
TUR,SYR,2002.5,2.6879194630872485,3.1342564575816363,745
TUR,TKM,883.5,2.964765100671141,2.5119110419526525,298
TUR,TUR,4018.2999999999997,0.7020090845562543,4.262298235422949,5724
TUR,UKR,860.9,2.665325077399381,3.7906355851411146,323
TUR,USA,2220.2,1.91727115716753,3.971324894130689,1158
TUR,UZB,647.3,2.942272727272727,3.392374515997172,220
TWN,CHN,8387.0,1.296691403834261,3.948742426859342,6468
TWN,JPN,1558.8,2.462559241706161,3.2281550786897313,633
TWN,PHL,334.9,1.2590225563909774,4.451102617632718,266
TWN,SGP,704.9,2.764313725490196,2.75518498664566,255
TWN,TWN,3898.7,1.347632215693052,3.5325710450519408,2893
TWN,USA,2775.6,2.1786499215070645,3.3883979393420995,1274
TZA,AFR,648.6,2.3585454545454545,3.738821498513117,275
TZA,BDI,1060.8999999999999,1.6550702028081121,4.485362656366414,641
TZA,KEN,897.5,2.5424929178470257,4.212023714048317,353
TZA,RWA,52.89999999999999,0.2042471042471042,4.302363388813234,259
TZA,TZA,967.0,0.9280230326295585,4.031787923393198,1042
TZA,UGA,1210.4,2.9236714975845413,3.452047158823315,414
TZA,USA,-130.7,-0.4046439628482972,5.474634629759836,323
UGA,AFR,567.7,1.9919298245614037,3.439533745934799,285
UGA,BDI,618.8,2.633191489361702,3.6147378209846948,235
UGA,COD,846.6,0.8251461988304094,6.3109669336118035,1026
UGA,COG,420.0,1.1382113821138211,6.238609450759778,369
UGA,EGY,501.2,1.7342560553633217,3.4881301029009166,289
UGA,GBR,428.3,2.0107981220657276,2.96581558695842,213
UGA,IGOUNO,265.3,1.2455399061032864,4.861083553655192,213
UGA,KEN,1067.3,1.5074858757062146,4.944167813449626,708
UGA,RWA,-2100.2,-0.838738019169329,6.472230931987187,2504
UGA,SDN,1863.4,2.171794871794872,5.01726045689236,858
UGA,TZA,1189.2,2.7591647331786544,3.554440818647145,431
UGA,UGA,1931.1,0.5493883357041252,4.7436092522343465,3515
UGA,USA,850.7,1.817735042735043,3.7293106065173585,468
UGA,ZMB,560.3,2.468281938325991,3.1741291258815667,227
UKR,BLR,876.3,2.623652694610778,3.317160379620174,334
UKR,GBR,588.3,2.638116591928251,2.527279997258572,223
UKR,HUN,460.09999999999997,2.0179824561403508,3.9090295740943937,228
UKR,IGOWSTNAT,546.3,2.564788732394366,3.44126314806236,213
UKR,MDA,702.5,2.326158940397351,4.197556378347389,302
UKR,POL,1989.8,2.818413597733711,3.3545397678707274,706
UKR,RUS,7280.9,2.355516014234875,3.596865475186434,3091
UKR,TUR,802.8,2.1351063829787233,4.831070715205808,376
UKR,UKR,5249.5,1.4553645688938175,3.654595178223185,3607
UKR,USA,1625.5,2.3254649499284694,3.2831659549165844,699
UKR,UZB,775.3,3.3274678111587983,2.4250703918050323,233
USA,AFG,-745.0,-1.1152694610778444,5.561506199011619,668
USA,AFR,2122.8,1.4875963559915908,4.38954917667005,1427
USA,ALB,-365.0,-0.4655612244897959,5.387686418717999,784
USA,ARG,823.4,2.0792929292929294,3.7411262779942684,396
USA,ARM,1153.2,2.2567514677103717,3.642040531112669,511
USA,AUS,896.2,1.6324225865209472,4.097213508767052,549
USA,AUT,272.3,0.48365896980461814,3.7558470815332137,563
USA,AZE,1773.5,2.4873772791023843,3.672171080319477,713
USA,BGD,1522.0,2.275037369207773,3.0537973622098407,669
USA,BLR,368.2,1.7450236966824644,3.853892450918332,211
USA,BRA,1380.7,2.487747747747748,3.380277444844431,555
USA,CAN,1788.4,1.2912635379061372,4.1446274410206945,1385
USA,CHE,1123.1,1.7855325914149442,3.327442914320293,629
USA,CHL,482.4,1.2562499999999999,4.978854765713487,384
USA,CHN,7748.099999999999,1.4356309060589216,3.968954255596554,5397
USA,COL,3688.0,1.8458458458458458,4.336262794480347,1998
USA,CUB,5757.3,1.0127176781002638,3.945445857893751,5685
USA,CZE,525.1,1.196127562642369,3.948973456822174,439
USA,DEU,2442.8,1.3669837716843873,3.9207513536601746,1787
USA,DZA,342.3,1.006764705882353,4.275275161037644,340
USA,EGY,5191.8,2.25632333767927,3.5373768526997513,2301
USA,ERI,521.9,1.9117216117216116,4.442004751948459,273
USA,ESP,897.9,1.4320574162679425,3.7630466647612724,627
USA,ETH,580.5,1.8487261146496816,3.9740067943354713,314
USA,EUR,1616.3,1.65097037793667,4.003759299172032,979
USA,FRA,3095.1,1.7242896935933147,4.071509692458754,1795
USA,GBR,3163.4,1.1673062730627306,4.694917782537725,2710
USA,GRC,585.9,0.8641592920353982,4.466818262769287,678
USA,HRV,1268.5,2.4823874755381605,3.4522971855579665,511
USA,HTI,176.29999999999998,0.2540345821325648,4.5096119412067175,694
USA,HUN,600.8,2.589655172413793,3.5019445262589146,232
USA,IDN,904.0,1.0710900473933649,4.025590530445127,844
USA,IGOEUREEC,1129.6,1.8248788368336024,4.298964439523317,619
USA,IGOUNO,3267.0,1.6392373306573005,3.7496446713009157,1993
USA,IGOWSTNAT,-290.40000000000003,-0.5808000000000001,5.230528483474002,500
USA,IMGSEAMOSASF,125.49999999999999,0.4482142857142857,4.755551031899403,280
USA,IND,994.0,2.2237136465324383,3.3858345889907535,447
USA,IRL,943.1999999999999,1.7306422018348622,3.626895618771752,545
USA,IRN,1461.5,0.5711215318483783,4.598053259462995,2559
USA,IRQ,-3856.8,-1.7412189616252822,5.352514065764908,2215
USA,ISR,16183.1,1.6855640037496094,3.918464292760304,9601
USA,ITA,1152.4,1.431552795031056,4.20956600719281,805
USA,JOR,1870.9,2.497863818424566,3.643328930800419,749
USA,JPN,8941.2,1.8863291139240508,4.189827664865824,4740
USA,KAZ,520.7,2.4561320754716984,3.7926981656649565,212
USA,KEN,364.4,0.6124369747899159,5.012521017090974,595
USA,KOR,5781.7,2.061947218259629,4.660318584307095,2804
USA,KWT,486.3,1.801111111111111,4.397866019632918,270
USA,LBN,1081.5,1.2604895104895104,5.1806356293792675,858
USA,LBR,359.2,1.1052307692307692,3.6611748045767523,325
USA,LBY,-213.3,-0.3473941368078176,4.622321689229964,614
USA,LTU,563.8,2.185271317829457,3.128160055793263,258
USA,MEX,1912.8999999999999,1.3644079885877318,4.232833994501076,1402
USA,MMR,-164.6,-0.7283185840707964,4.565678122232322,226
USA,MOZ,1297.9,3.7295977011494257,3.3710434781588567,348
USA,MYS,370.5,0.9932975871313673,4.645113412266349,373
USA,NGA,2872.0,2.3579638752052543,3.5187778643320398,1218
USA,NLD,372.9,1.428735632183908,3.963523336802664,261
USA,PAK,2653.8,1.2441631504922646,3.97518096578071,2133
USA,PAN,1159.9,2.6006726457399103,3.6988397203539436,446
USA,PER,910.3,1.2385034013605443,3.7495722469463306,735
USA,PHL,1392.1,0.9707810320781032,4.452486679487624,1434
USA,POL,688.6,1.9901734104046243,4.0103802232530334,346
USA,PRK,12605.9,2.566347719869707,3.8713259992520763,4912
USA,PSE,7484.7,1.8494440326167532,3.9724320726343327,4047
USA,RUS,13049.0,1.6220012430080795,4.119743999821606,8045
USA,SAS,490.8,1.8313432835820895,2.2163477704925865,268
USA,SAU,98.69999999999999,0.12670089858793324,4.916420289119566,779
USA,SDN,158.7,0.26762225969645864,4.4378855651654305,593
USA,SLE,482.3,0.9743434343434344,4.896926277455513,495
USA,SYR,5414.7,2.483807339449541,3.5134827437827822,2180
USA,THA,907.2,2.5060773480662983,3.810543264659258,362
USA,TUR,2253.3,2.039185520361991,3.6553927388383967,1105
USA,TWN,3475.3,2.1747809762202754,3.547822819492368,1598
USA,TZA,-142.7,-0.3815508021390374,5.303987750779116,374
USA,UGA,468.0,1.0833333333333333,4.091318407421362,432
USA,UKR,1674.7,2.229960053262317,3.50565560179578,751
USA,USA,27883.399999999998,0.9704987644008214,4.056772599562793,28731
USA,VEN,613.0,1.575835475578406,3.7957901441231936,389
USA,VNM,3943.7999999999997,2.307665301345816,3.85894362392029,1709
USA,YEM,219.29999999999998,0.30248275862068963,4.9989219184472855,725
USA,ZAF,762.5,2.5,3.4567059159659053,305
USA,ZWE,376.8,1.0408839779005525,4.225858570380898,362
UZB,AFG,176.39999999999998,0.48328767123287664,4.3720352764160895,365
UZB,KAZ,1290.3,2.945890410958904,3.99199645593654,438
UZB,KGZ,715.2,1.1479935794542537,5.469152751559827,623
UZB,RUS,1234.6,2.3516190476190473,3.727065010843834,525
UZB,TJK,452.0,0.6900763358778625,5.304433189517409,655
UZB,UKR,728.1,3.2504464285714287,2.724872939282458,224
UZB,UZB,1311.8,1.4243213897937024,4.464959613341453,921
VAT,ISR,485.0,1.830188679245283,3.4757267010840964,265
VAT,ITA,741.1,2.301552795031056,2.9165171605309115,322
VEN,COL,997.5,1.1585365853658536,4.030677384945214,861
VEN,CUB,589.5,1.8421875,4.169135912800683,320
VEN,IGOBUSOPC,621.8,2.4384313725490196,3.1988946002609744,255
VEN,IRQ,835.4,2.578395061728395,2.854472762816235,324
VEN,USA,461.0,0.896887159533074,3.8663578772283302,514
VEN,VEN,1236.1,1.2916405433646811,3.7711763483788574,957
VNM,CHN,3063.0,2.9171428571428573,3.1555286010011647,1050
VNM,FRA,572.2,2.217829457364341,3.9239551557309174,258
VNM,JPN,819.6,3.002197802197802,2.3385505513712292,273
VNM,KHM,1407.6,2.3151315789473683,4.265307888416493,608
VNM,KOR,705.1,3.000425531914894,3.5674274035622955,235
VNM,LAO,1312.5,2.327127659574468,3.746997601350535,564
VNM,RUS,1555.8,3.465033407572383,2.5980766514535083,449
VNM,THA,665.7,2.72827868852459,2.9905027152494483,244
VNM,USA,3500.5,2.004868270332188,3.905639785186863,1746
VNM,VNM,4066.5,2.396287566293459,3.082437183906361,1697
YEM,IRQ,358.09999999999997,1.4266932270916333,3.6790494181940465,251
YEM,ISR,240.89999999999998,0.6424,4.112565796817733,375
YEM,SAU,1371.8,1.5877314814814814,4.45379132745717,864
YEM,USA,-742.8000000000001,-1.001078167115903,5.630723405518619,742
YEM,YEM,447.9,0.4528816986855409,4.356762657920224,989
ZAF,AFR,2651.7,0.822998137802607,4.569663809570894,3222
ZAF,AGO,243.29999999999998,1.1109589041095889,4.634965682122165,219
ZAF,BDI,1040.9,3.135240963855422,2.9566953467993917,332
ZAF,MOZ,984.4,2.956156156156156,3.644512246887158,333
ZAF,USA,741.5,2.004054054054054,4.155377851883171,370
ZAF,ZAF,2517.4,1.7616515045486354,4.039730773405961,1429
ZAF,ZWE,1332.7,1.9891044776119404,3.8576754508945337,670
ZMB,AFR,695.7,2.288486842105263,3.7688271954109545,304
ZMB,AGO,110.0,0.13580246913580246,4.908019437009254,810
ZMB,COD,1068.7,2.0278937381404174,4.63893260840691,527
ZMB,ZMB,631.5,0.4633162142333089,4.301700805143119,1363
ZMB,ZWE,625.9,2.379847908745247,4.187441782170832,263
ZWE,AFR,1003.6,1.4419540229885057,4.021105281771632,696
ZWE,AGO,800.8,2.8098245614035084,4.870069731992042,285
ZWE,COD,1304.4,2.4751423149905123,4.866765613499603,527
ZWE,GBR,1049.5,1.1872171945701357,3.9222808607952975,884
ZWE,NAM,1052.3,2.35413870246085,4.530402986312218,447
ZWE,USA,182.7,0.5727272727272726,4.660388654694727,319
ZWE,ZAF,863.6,2.169849246231156,3.8412903842337904,398
ZWE,ZMB,555.8,2.089473684210526,4.548916738689694,266
ZWE,ZWE,88.49999999999999,0.05092059838895281,4.50157418426784,1738
